id,date,pharmacyId,isPublicHoliday,holidayName,isFestivalSeason,festivalName,temperature,humidity,weatherCondition,rainfall,airQuality
ext_1,2022-01-01,,False,,False,,20.8,66.6,Fog,0.0,Good
ext_2,2022-01-02,,False,,False,,14.3,73.6,Fog,0.0,Moderate
ext_3,2022-01-03,,False,,False,,14.6,53.0,Fog,17.9,Unhealthy
ext_4,2022-01-04,,False,,False,,17.4,63.4,Cloudy,0.0,Good
ext_5,2022-01-05,,False,,False,,14.5,69.7,Clear,0.0,Moderate
ext_6,2022-01-06,,False,,False,,16.7,52.7,Cloudy,0.0,Unhealthy
ext_7,2022-01-07,,False,,False,,20.5,68.4,Fog,0.0,Good
ext_8,2022-01-08,,False,,False,,20.0,60.6,Fog,0.0,Unhealthy
ext_9,2022-01-09,,False,,False,,16.2,46.5,Clear,0.0,Moderate
ext_10,2022-01-10,,False,,False,,21.0,55.4,Fog,0.0,Moderate
ext_11,2022-01-11,,False,,False,,23.4,67.4,Cloudy,0.0,Unhealthy
ext_12,2022-01-12,,False,,False,,16.8,53.0,Cloudy,0.0,Good
ext_13,2022-01-13,,False,,False,,15.0,49.0,Fog,19.0,Moderate
ext_14,2022-01-14,,False,,False,,13.3,49.7,Clear,0.0,Unhealthy
ext_15,2022-01-15,,False,,False,,21.4,52.4,Cloudy,4.1,Moderate
ext_16,2022-01-16,,False,,False,,16.9,50.3,Cloudy,13.0,Unhealthy
ext_17,2022-01-17,,False,,False,,18.8,58.7,Clear,0.0,Good
ext_18,2022-01-18,,False,,False,,15.1,59.5,Clear,0.0,Moderate
ext_19,2022-01-19,,False,,False,,17.5,73.6,Clear,14.8,Unhealthy
ext_20,2022-01-20,,False,,False,,19.5,58.3,Fog,0.0,Good
ext_21,2022-01-21,,False,,False,,14.8,69.9,Clear,0.0,Unhealthy
ext_22,2022-01-22,,False,,False,,21.1,64.1,Fog,0.0,Moderate
ext_23,2022-01-23,,False,,False,,17.0,51.4,Clear,0.0,Good
ext_24,2022-01-24,,False,,False,,12.5,52.2,Cloudy,0.0,Moderate
ext_25,2022-01-25,,False,,False,,20.0,51.4,Cloudy,0.0,Good
ext_26,2022-01-26,,False,,False,,11.6,63.0,Cloudy,0.0,Unhealthy
ext_27,2022-01-27,,False,,False,,19.0,57.4,Cloudy,0.0,Good
ext_28,2022-01-28,,False,,False,,17.2,71.1,Cloudy,0.0,Good
ext_29,2022-01-29,,False,,False,,13.5,67.6,Clear,0.0,Moderate
ext_30,2022-01-30,,False,,False,,20.3,48.3,Cloudy,0.0,Unhealthy
ext_31,2022-01-31,,False,,False,,18.6,55.7,Fog,0.0,Unhealthy
ext_32,2022-02-01,,False,,False,,21.3,65.6,Cloudy,0.0,Good
ext_33,2022-02-02,,False,,False,,19.5,66.8,Fog,0.0,Unhealthy
ext_34,2022-02-03,,False,,False,,15.8,54.2,Fog,0.0,Good
ext_35,2022-02-04,,False,,False,,12.7,53.7,Fog,3.7,Unhealthy
ext_36,2022-02-05,,True,,False,,19.0,46.5,Cloudy,4.5,Good
ext_37,2022-02-06,,False,,False,,20.4,69.9,Cloudy,0.0,Moderate
ext_38,2022-02-07,,False,,False,,20.6,51.5,Fog,0.0,Moderate
ext_39,2022-02-08,,False,,False,,14.0,50.9,Cloudy,0.0,Good
ext_40,2022-02-09,,False,,False,,18.5,60.6,Cloudy,0.0,Unhealthy
ext_41,2022-02-10,,False,,False,,23.3,73.4,Fog,0.0,Good
ext_42,2022-02-11,,False,,False,,19.4,70.6,Cloudy,1.0,Unhealthy
ext_43,2022-02-12,,False,,False,,19.4,58.1,Clear,15.4,Unhealthy
ext_44,2022-02-13,,False,,False,,21.6,71.7,Clear,13.4,Moderate
ext_45,2022-02-14,,False,,False,,16.7,63.2,Clear,0.0,Moderate
ext_46,2022-02-15,,False,,False,,11.1,58.0,Clear,0.0,Moderate
ext_47,2022-02-16,,False,,False,,16.7,47.3,Cloudy,0.0,Good
ext_48,2022-02-17,,False,,False,,12.9,47.1,Cloudy,0.0,Good
ext_49,2022-02-18,,False,,False,,16.4,48.1,Fog,0.0,Unhealthy
ext_50,2022-02-19,,False,,False,,15.9,51.7,Clear,0.0,Moderate
ext_51,2022-02-20,,False,,False,,12.5,58.4,Clear,15.0,Good
ext_52,2022-02-21,,False,,False,,16.9,61.7,Clear,0.0,Unhealthy
ext_53,2022-02-22,,False,,False,,12.0,71.9,Clear,0.0,Good
ext_54,2022-02-23,,False,,False,,19.5,54.6,Clear,0.0,Good
ext_55,2022-02-24,,False,,False,,13.9,59.2,Cloudy,0.0,Moderate
ext_56,2022-02-25,,False,,False,,13.4,73.8,Cloudy,0.0,Unhealthy
ext_57,2022-02-26,,False,,False,,20.1,48.4,Fog,0.0,Good
ext_58,2022-02-27,,False,,False,,20.4,57.9,Clear,0.0,Unhealthy
ext_59,2022-02-28,,False,,False,,20.7,45.1,Fog,0.0,Moderate
ext_60,2022-03-01,,False,,False,,27.9,71.8,Cloudy,0.0,Moderate
ext_61,2022-03-02,,False,,False,,26.2,50.8,Partly Cloudy,0.0,Unhealthy
ext_62,2022-03-03,,False,,False,,25.2,48.3,Clear,0.0,Unhealthy
ext_63,2022-03-04,,False,,False,,30.9,63.4,Partly Cloudy,0.0,Good
ext_64,2022-03-05,,False,,False,,23.9,54.8,Clear,0.0,Moderate
ext_65,2022-03-06,,False,,False,,23.8,56.6,Cloudy,0.0,Moderate
ext_66,2022-03-07,,False,,False,,27.4,55.2,Clear,0.0,Moderate
ext_67,2022-03-08,,False,,False,,29.7,45.5,Clear,0.0,Good
ext_68,2022-03-09,,False,,False,,31.7,64.0,Clear,0.0,Unhealthy
ext_69,2022-03-10,,False,,False,,23.6,58.9,Clear,0.0,Good
ext_70,2022-03-11,,False,,False,,30.6,50.4,Clear,0.0,Moderate
ext_71,2022-03-12,,False,,False,,24.4,66.1,Partly Cloudy,0.0,Moderate
ext_72,2022-03-13,,False,,False,,31.0,54.6,Cloudy,0.0,Good
ext_73,2022-03-14,,False,,False,,32.8,63.2,Clear,0.0,Good
ext_74,2022-03-15,,False,,False,,30.9,55.1,Clear,14.3,Unhealthy
ext_75,2022-03-16,,False,,False,,23.2,68.2,Clear,17.2,Unhealthy
ext_76,2022-03-17,,False,,False,,24.6,73.2,Cloudy,0.0,Moderate
ext_77,2022-03-18,,False,,False,,24.5,68.6,Clear,0.0,Good
ext_78,2022-03-19,,False,,False,,28.3,59.0,Cloudy,0.0,Unhealthy
ext_79,2022-03-20,,False,,False,,33.0,49.5,Partly Cloudy,0.0,Unhealthy
ext_80,2022-03-21,,False,,False,,34.4,55.1,Partly Cloudy,0.0,Good
ext_81,2022-03-22,,False,,False,,33.7,64.6,Partly Cloudy,0.0,Unhealthy
ext_82,2022-03-23,,True,,False,,22.9,66.4,Clear,0.0,Good
ext_83,2022-03-24,,False,,False,,31.4,46.7,Clear,0.0,Unhealthy
ext_84,2022-03-25,,False,,False,,33.8,69.9,Partly Cloudy,0.0,Good
ext_85,2022-03-26,,False,,False,,30.2,56.8,Partly Cloudy,0.0,Unhealthy
ext_86,2022-03-27,,False,,False,,26.5,67.5,Cloudy,0.0,Good
ext_87,2022-03-28,,False,,False,,28.4,61.8,Cloudy,0.0,Good
ext_88,2022-03-29,,False,,False,,31.7,48.1,Partly Cloudy,0.0,Good
ext_89,2022-03-30,,False,,False,,34.4,61.4,Partly Cloudy,0.0,Unhealthy
ext_90,2022-03-31,,False,,False,,30.5,57.6,Cloudy,0.0,Unhealthy
ext_91,2022-04-01,,False,,False,,24.0,61.1,Partly Cloudy,0.0,Unhealthy
ext_92,2022-04-02,,False,,False,,31.8,59.3,Partly Cloudy,0.0,Good
ext_93,2022-04-03,,False,,False,,23.6,50.7,Clear,0.0,Unhealthy
ext_94,2022-04-04,,False,,False,,31.9,63.8,Clear,0.0,Good
ext_95,2022-04-05,,False,,False,,31.4,45.6,Clear,0.0,Unhealthy
ext_96,2022-04-06,,False,,False,,28.5,54.8,Partly Cloudy,0.0,Moderate
ext_97,2022-04-07,,False,,False,,30.0,66.3,Clear,0.0,Good
ext_98,2022-04-08,,False,,False,,35.3,65.9,Partly Cloudy,0.0,Unhealthy
ext_99,2022-04-09,,False,,False,,34.4,58.4,Clear,0.0,Good
ext_100,2022-04-10,,False,,False,,29.4,69.6,Partly Cloudy,0.0,Unhealthy
ext_101,2022-04-11,,False,,False,,35.0,65.3,Partly Cloudy,0.0,Good
ext_102,2022-04-12,,False,,False,,31.0,69.5,Clear,0.0,Moderate
ext_103,2022-04-13,,False,,False,,22.2,57.3,Partly Cloudy,0.0,Good
ext_104,2022-04-14,,False,,False,,25.6,51.1,Cloudy,0.0,Moderate
ext_105,2022-04-15,,False,,False,,28.7,60.5,Cloudy,17.5,Good
ext_106,2022-04-16,,False,,False,,34.6,47.9,Clear,0.0,Moderate
ext_107,2022-04-17,,False,,False,,31.8,53.8,Clear,17.0,Unhealthy
ext_108,2022-04-18,,False,,False,,30.4,56.1,Partly Cloudy,0.0,Unhealthy
ext_109,2022-04-19,,False,,False,,28.9,65.8,Clear,0.0,Moderate
ext_110,2022-04-20,,False,,False,,28.5,58.8,Partly Cloudy,0.0,Good
ext_111,2022-04-21,,False,,False,,32.0,53.1,Clear,0.0,Unhealthy
ext_112,2022-04-22,,False,,False,,28.9,47.4,Cloudy,4.5,Good
ext_113,2022-04-23,,False,,False,,28.7,51.8,Clear,0.0,Good
ext_114,2022-04-24,,False,,False,,29.1,68.5,Cloudy,0.0,Good
ext_115,2022-04-25,,False,,False,,28.2,62.8,Partly Cloudy,0.0,Unhealthy
ext_116,2022-04-26,,False,,False,,25.4,68.3,Clear,0.0,Moderate
ext_117,2022-04-27,,False,,False,,22.7,60.0,Cloudy,11.9,Moderate
ext_118,2022-04-28,,False,,False,,32.1,52.5,Clear,0.0,Moderate
ext_119,2022-04-29,,False,,False,,25.9,53.6,Cloudy,0.0,Unhealthy
ext_120,2022-04-30,,False,,False,,30.0,45.9,Clear,0.0,Moderate
ext_121,2022-05-01,,True,,False,,34.9,45.9,Clear,0.0,Good
ext_122,2022-05-02,,False,,False,,22.8,60.9,Partly Cloudy,11.4,Good
ext_123,2022-05-03,,False,,False,,30.2,64.8,Clear,0.0,Unhealthy
ext_124,2022-05-04,,False,,False,,25.7,49.7,Cloudy,0.0,Unhealthy
ext_125,2022-05-05,,False,,False,,23.3,60.1,Clear,0.0,Good
ext_126,2022-05-06,,False,,False,,23.0,68.3,Partly Cloudy,0.0,Moderate
ext_127,2022-05-07,,False,,False,,28.6,62.2,Partly Cloudy,0.0,Unhealthy
ext_128,2022-05-08,,False,,False,,31.3,45.7,Clear,0.0,Moderate
ext_129,2022-05-09,,False,,False,,31.7,70.6,Cloudy,0.0,Unhealthy
ext_130,2022-05-10,,False,,False,,22.5,54.3,Clear,0.0,Moderate
ext_131,2022-05-11,,False,,False,,24.5,50.1,Partly Cloudy,0.0,Moderate
ext_132,2022-05-12,,False,,False,,27.9,74.6,Cloudy,11.7,Moderate
ext_133,2022-05-13,,False,,False,,27.4,52.4,Clear,0.0,Unhealthy
ext_134,2022-05-14,,False,,False,,30.4,57.3,Cloudy,0.0,Good
ext_135,2022-05-15,,False,,False,,22.8,65.8,Clear,0.0,Unhealthy
ext_136,2022-05-16,,False,,False,,28.9,59.3,Partly Cloudy,0.0,Unhealthy
ext_137,2022-05-17,,False,,False,,25.4,47.4,Cloudy,0.0,Moderate
ext_138,2022-05-18,,False,,False,,34.8,53.3,Cloudy,0.0,Moderate
ext_139,2022-05-19,,False,,False,,30.8,46.5,Cloudy,0.0,Unhealthy
ext_140,2022-05-20,,False,,False,,31.9,56.9,Partly Cloudy,0.0,Unhealthy
ext_141,2022-05-21,,False,,False,,25.4,56.3,Partly Cloudy,0.0,Unhealthy
ext_142,2022-05-22,,False,,False,,24.2,56.6,Cloudy,0.0,Moderate
ext_143,2022-05-23,,False,,False,,32.3,66.4,Cloudy,0.0,Moderate
ext_144,2022-05-24,,False,,False,,22.1,51.2,Cloudy,0.0,Moderate
ext_145,2022-05-25,,False,,False,,31.8,73.7,Cloudy,12.0,Good
ext_146,2022-05-26,,False,,False,,28.9,63.0,Partly Cloudy,0.0,Unhealthy
ext_147,2022-05-27,,False,,False,,29.6,61.8,Cloudy,0.0,Moderate
ext_148,2022-05-28,,False,,False,,32.2,50.6,Clear,0.0,Unhealthy
ext_149,2022-05-29,,False,,False,,29.2,46.6,Clear,0.0,Good
ext_150,2022-05-30,,False,,False,,23.0,74.0,Cloudy,0.0,Unhealthy
ext_151,2022-05-31,,False,,False,,31.0,48.8,Clear,0.0,Unhealthy
ext_152,2022-06-01,,False,,False,,35.7,62.1,Hot,0.0,Good
ext_153,2022-06-02,,False,,False,,41.2,62.3,Partly Cloudy,18.6,Moderate
ext_154,2022-06-03,,False,,False,,33.7,68.3,Partly Cloudy,0.0,Moderate
ext_155,2022-06-04,,False,,False,,38.6,68.4,Partly Cloudy,0.0,Good
ext_156,2022-06-05,,False,,False,,39.0,71.3,Clear,0.0,Unhealthy
ext_157,2022-06-06,,False,,False,,37.3,50.8,Hot,0.0,Good
ext_158,2022-06-07,,False,,False,,38.8,67.8,Hot,0.0,Good
ext_159,2022-06-08,,False,,False,,35.1,68.8,Clear,0.0,Moderate
ext_160,2022-06-09,,False,,False,,37.5,73.8,Partly Cloudy,0.0,Unhealthy
ext_161,2022-06-10,,False,,False,,40.5,73.6,Clear,0.0,Good
ext_162,2022-06-11,,False,,False,,42.4,68.1,Hot,3.8,Good
ext_163,2022-06-12,,False,,False,,36.2,50.3,Clear,9.2,Unhealthy
ext_164,2022-06-13,,False,,False,,31.0,48.6,Clear,0.0,Unhealthy
ext_165,2022-06-14,,False,,False,,32.7,54.3,Partly Cloudy,0.0,Good
ext_166,2022-06-15,,False,,False,,43.6,64.9,Hot,0.0,Good
ext_167,2022-06-16,,False,,False,,35.0,71.4,Partly Cloudy,0.0,Unhealthy
ext_168,2022-06-17,,False,,False,,39.8,58.0,Partly Cloudy,0.0,Unhealthy
ext_169,2022-06-18,,False,,False,,36.4,71.3,Partly Cloudy,0.0,Unhealthy
ext_170,2022-06-19,,False,,False,,41.7,56.8,Hot,0.0,Unhealthy
ext_171,2022-06-20,,False,,False,,36.7,47.8,Partly Cloudy,0.0,Good
ext_172,2022-06-21,,False,,False,,41.2,49.6,Clear,0.0,Good
ext_173,2022-06-22,,False,,False,,32.5,45.2,Hot,0.0,Unhealthy
ext_174,2022-06-23,,False,,False,,40.1,64.4,Clear,0.0,Good
ext_175,2022-06-24,,False,,False,,38.0,72.8,Hot,0.0,Good
ext_176,2022-06-25,,False,,False,,33.0,61.3,Clear,0.0,Moderate
ext_177,2022-06-26,,False,,False,,36.6,47.6,Hot,0.0,Good
ext_178,2022-06-27,,False,,False,,41.7,50.6,Hot,0.0,Unhealthy
ext_179,2022-06-28,,False,,False,,35.3,75.0,Hot,0.0,Moderate
ext_180,2022-06-29,,False,,False,,35.3,48.7,Clear,0.0,Moderate
ext_181,2022-06-30,,False,,False,,37.9,59.9,Clear,1.4,Unhealthy
ext_182,2022-07-01,,False,,False,,42.3,57.9,Clear,0.0,Moderate
ext_183,2022-07-02,,False,,False,,44.0,49.5,Hot,0.0,Moderate
ext_184,2022-07-03,,False,,False,,42.6,50.4,Hot,0.0,Moderate
ext_185,2022-07-04,,False,,False,,43.1,70.2,Partly Cloudy,0.0,Good
ext_186,2022-07-05,,False,,False,,37.3,70.1,Hot,0.0,Moderate
ext_187,2022-07-06,,False,,False,,32.6,69.3,Hot,0.0,Moderate
ext_188,2022-07-07,,False,,False,,33.5,63.2,Hot,0.0,Unhealthy
ext_189,2022-07-08,,False,,False,,38.0,53.1,Hot,8.0,Moderate
ext_190,2022-07-09,,False,,False,,41.0,52.3,Partly Cloudy,0.0,Good
ext_191,2022-07-10,,False,,False,,32.3,53.5,Hot,0.0,Moderate
ext_192,2022-07-11,,False,,False,,35.6,48.1,Hot,0.0,Moderate
ext_193,2022-07-12,,False,,False,,33.3,54.7,Clear,0.0,Moderate
ext_194,2022-07-13,,False,,False,,35.0,46.7,Hot,0.0,Good
ext_195,2022-07-14,,False,,False,,31.4,73.0,Hot,0.0,Good
ext_196,2022-07-15,,False,,False,,34.7,54.5,Partly Cloudy,0.0,Moderate
ext_197,2022-07-16,,False,,False,,42.4,70.9,Clear,0.0,Moderate
ext_198,2022-07-17,,False,,False,,31.8,71.2,Partly Cloudy,0.0,Good
ext_199,2022-07-18,,False,,False,,36.1,71.4,Clear,0.0,Good
ext_200,2022-07-19,,False,,False,,41.8,57.2,Clear,0.0,Good
ext_201,2022-07-20,,False,,False,,33.2,50.1,Clear,10.9,Good
ext_202,2022-07-21,,False,,False,,40.8,47.5,Hot,0.0,Unhealthy
ext_203,2022-07-22,,False,,False,,40.5,47.1,Clear,0.0,Unhealthy
ext_204,2022-07-23,,False,,False,,38.6,45.0,Clear,0.0,Moderate
ext_205,2022-07-24,,False,,False,,42.5,57.6,Hot,0.0,Unhealthy
ext_206,2022-07-25,,False,,False,,38.6,60.2,Partly Cloudy,0.0,Moderate
ext_207,2022-07-26,,False,,False,,43.3,61.4,Partly Cloudy,0.0,Good
ext_208,2022-07-27,,False,,False,,36.7,53.5,Clear,0.0,Good
ext_209,2022-07-28,,False,,False,,33.1,63.0,Clear,0.0,Moderate
ext_210,2022-07-29,,False,,False,,40.2,63.6,Clear,0.0,Unhealthy
ext_211,2022-07-30,,False,,False,,37.2,70.3,Hot,0.0,Moderate
ext_212,2022-07-31,,False,,False,,33.8,45.5,Partly Cloudy,0.0,Unhealthy
ext_213,2022-08-01,,False,,False,,40.1,49.0,Clear,0.0,Good
ext_214,2022-08-02,,False,,False,,38.4,53.4,Partly Cloudy,0.0,Moderate
ext_215,2022-08-03,,False,,False,,37.9,54.3,Clear,0.0,Good
ext_216,2022-08-04,,False,,False,,39.8,48.4,Clear,0.0,Moderate
ext_217,2022-08-05,,False,,False,,42.9,51.6,Clear,0.0,Moderate
ext_218,2022-08-06,,False,,False,,38.7,51.0,Partly Cloudy,0.0,Moderate
ext_219,2022-08-07,,False,,False,,41.3,74.7,Partly Cloudy,0.0,Unhealthy
ext_220,2022-08-08,,False,,False,,43.8,69.8,Partly Cloudy,6.7,Moderate
ext_221,2022-08-09,,False,,False,,32.5,48.5,Partly Cloudy,0.0,Good
ext_222,2022-08-10,,False,,False,,31.6,49.9,Clear,0.0,Good
ext_223,2022-08-11,,False,,False,,34.6,67.6,Partly Cloudy,0.0,Good
ext_224,2022-08-12,,False,,False,,33.0,59.2,Clear,0.0,Moderate
ext_225,2022-08-13,,False,,False,,35.6,53.6,Hot,0.0,Good
ext_226,2022-08-14,,True,,False,,42.0,50.7,Clear,0.0,Moderate
ext_227,2022-08-15,,False,,False,,36.4,48.5,Hot,0.0,Good
ext_228,2022-08-16,,False,,False,,38.7,61.1,Partly Cloudy,19.1,Good
ext_229,2022-08-17,,False,,False,,34.9,53.9,Hot,0.0,Moderate
ext_230,2022-08-18,,False,,False,,33.9,74.9,Clear,0.0,Unhealthy
ext_231,2022-08-19,,False,,False,,39.9,73.3,Hot,19.2,Good
ext_232,2022-08-20,,False,,False,,37.9,74.7,Clear,0.0,Good
ext_233,2022-08-21,,False,,False,,37.1,51.0,Hot,0.0,Moderate
ext_234,2022-08-22,,False,,False,,30.5,66.8,Clear,0.0,Moderate
ext_235,2022-08-23,,False,,False,,36.7,59.9,Partly Cloudy,0.0,Good
ext_236,2022-08-24,,False,,False,,39.4,56.5,Partly Cloudy,0.0,Unhealthy
ext_237,2022-08-25,,False,,False,,40.9,62.3,Partly Cloudy,0.0,Good
ext_238,2022-08-26,,False,,False,,38.0,50.0,Clear,0.0,Good
ext_239,2022-08-27,,False,,False,,36.2,66.0,Clear,0.0,Unhealthy
ext_240,2022-08-28,,False,,False,,39.0,55.5,Hot,0.0,Good
ext_241,2022-08-29,,False,,False,,33.4,74.8,Hot,0.0,Good
ext_242,2022-08-30,,False,,False,,38.9,50.6,Hot,0.0,Good
ext_243,2022-08-31,,False,,False,,35.1,48.2,Partly Cloudy,0.0,Moderate
ext_244,2022-09-01,,False,,False,,33.9,50.4,Partly Cloudy,0.0,Unhealthy
ext_245,2022-09-02,,False,,False,,24.0,55.9,Clear,0.0,Good
ext_246,2022-09-03,,False,,False,,20.5,74.6,Clear,0.0,Unhealthy
ext_247,2022-09-04,,False,,False,,23.6,58.4,Partly Cloudy,0.0,Unhealthy
ext_248,2022-09-05,,False,,False,,30.2,60.2,Cloudy,0.0,Unhealthy
ext_249,2022-09-06,,False,,False,,25.5,69.5,Partly Cloudy,0.0,Unhealthy
ext_250,2022-09-07,,False,,False,,23.5,63.5,Cloudy,0.0,Unhealthy
ext_251,2022-09-08,,False,,False,,33.7,68.4,Partly Cloudy,0.0,Good
ext_252,2022-09-09,,False,,False,,27.0,50.9,Partly Cloudy,0.0,Unhealthy
ext_253,2022-09-10,,False,,False,,24.0,73.0,Cloudy,0.0,Unhealthy
ext_254,2022-09-11,,False,,False,,25.6,67.0,Cloudy,0.0,Moderate
ext_255,2022-09-12,,False,,False,,32.2,64.2,Cloudy,0.0,Moderate
ext_256,2022-09-13,,False,,False,,23.6,45.6,Cloudy,0.0,Moderate
ext_257,2022-09-14,,False,,False,,31.6,51.4,Clear,0.0,Good
ext_258,2022-09-15,,False,,False,,20.9,58.1,Cloudy,0.0,Moderate
ext_259,2022-09-16,,False,,False,,33.3,62.4,Partly Cloudy,0.0,Moderate
ext_260,2022-09-17,,False,,False,,24.5,70.1,Partly Cloudy,0.2,Good
ext_261,2022-09-18,,False,,False,,27.5,70.0,Clear,0.0,Moderate
ext_262,2022-09-19,,False,,False,,32.9,59.7,Partly Cloudy,0.0,Unhealthy
ext_263,2022-09-20,,False,,False,,27.8,71.7,Partly Cloudy,13.2,Good
ext_264,2022-09-21,,False,,False,,22.9,52.8,Clear,0.0,Moderate
ext_265,2022-09-22,,False,,False,,22.6,53.8,Clear,0.0,Moderate
ext_266,2022-09-23,,False,,False,,28.5,60.8,Clear,0.0,Moderate
ext_267,2022-09-24,,False,,False,,32.2,49.0,Partly Cloudy,0.0,Unhealthy
ext_268,2022-09-25,,False,,False,,24.4,46.7,Cloudy,0.0,Good
ext_269,2022-09-26,,False,,False,,33.5,57.9,Partly Cloudy,0.0,Unhealthy
ext_270,2022-09-27,,False,,False,,30.2,58.5,Clear,0.0,Good
ext_271,2022-09-28,,False,,False,,27.6,57.3,Partly Cloudy,0.0,Unhealthy
ext_272,2022-09-29,,False,,False,,29.1,49.0,Partly Cloudy,0.0,Unhealthy
ext_273,2022-09-30,,False,,False,,29.4,51.7,Cloudy,0.0,Moderate
ext_274,2022-10-01,,False,,False,,32.9,53.8,Clear,0.0,Moderate
ext_275,2022-10-02,,False,,False,,28.4,52.7,Cloudy,0.0,Unhealthy
ext_276,2022-10-03,,False,,False,,32.9,62.9,Cloudy,19.6,Unhealthy
ext_277,2022-10-04,,False,,False,,25.6,52.7,Clear,0.0,Moderate
ext_278,2022-10-05,,False,,False,,30.6,49.8,Partly Cloudy,0.0,Good
ext_279,2022-10-06,,False,,False,,24.4,55.9,Partly Cloudy,0.0,Good
ext_280,2022-10-07,,False,,False,,32.1,65.0,Partly Cloudy,0.0,Moderate
ext_281,2022-10-08,,False,,False,,33.5,51.4,Clear,0.0,Unhealthy
ext_282,2022-10-09,,False,,False,,27.6,65.7,Partly Cloudy,0.0,Moderate
ext_283,2022-10-10,,False,,False,,21.5,48.4,Clear,0.0,Moderate
ext_284,2022-10-11,,False,,False,,27.0,48.2,Clear,5.7,Good
ext_285,2022-10-12,,False,,False,,36.3,67.9,Cloudy,0.0,Unhealthy
ext_286,2022-10-13,,False,,False,,25.6,65.3,Cloudy,0.0,Moderate
ext_287,2022-10-14,,False,,False,,28.7,45.5,Partly Cloudy,0.0,Unhealthy
ext_288,2022-10-15,,False,,False,,28.5,63.0,Cloudy,0.0,Moderate
ext_289,2022-10-16,,False,,False,,25.5,52.1,Clear,0.0,Good
ext_290,2022-10-17,,False,,False,,22.6,48.3,Partly Cloudy,0.0,Good
ext_291,2022-10-18,,False,,False,,30.3,47.0,Clear,0.0,Good
ext_292,2022-10-19,,False,,False,,30.3,60.6,Partly Cloudy,0.0,Moderate
ext_293,2022-10-20,,False,,False,,33.6,47.9,Partly Cloudy,0.0,Unhealthy
ext_294,2022-10-21,,False,,False,,30.6,56.9,Clear,0.0,Moderate
ext_295,2022-10-22,,False,,False,,26.2,51.9,Cloudy,0.0,Good
ext_296,2022-10-23,,False,,False,,27.2,73.7,Partly Cloudy,0.0,Good
ext_297,2022-10-24,,False,,False,,28.8,47.7,Clear,0.0,Unhealthy
ext_298,2022-10-25,,False,,False,,29.4,60.7,Cloudy,0.0,Good
ext_299,2022-10-26,,False,,False,,29.4,59.0,Partly Cloudy,0.0,Unhealthy
ext_300,2022-10-27,,False,,False,,25.9,72.0,Clear,0.0,Moderate
ext_301,2022-10-28,,False,,False,,21.2,58.6,Partly Cloudy,0.0,Moderate
ext_302,2022-10-29,,False,,False,,27.0,67.9,Cloudy,0.0,Moderate
ext_303,2022-10-30,,False,,False,,26.1,55.6,Partly Cloudy,0.0,Unhealthy
ext_304,2022-10-31,,False,,False,,31.2,68.5,Partly Cloudy,0.0,Moderate
ext_305,2022-11-01,,False,,False,,24.8,61.0,Cloudy,0.0,Good
ext_306,2022-11-02,,False,,False,,25.0,59.3,Partly Cloudy,9.3,Good
ext_307,2022-11-03,,False,,False,,29.5,52.4,Cloudy,0.0,Unhealthy
ext_308,2022-11-04,,False,,False,,35.5,72.7,Clear,0.0,Moderate
ext_309,2022-11-05,,False,,False,,33.8,54.9,Cloudy,0.0,Good
ext_310,2022-11-06,,False,,False,,31.3,68.3,Clear,0.0,Moderate
ext_311,2022-11-07,,False,,False,,25.5,53.9,Clear,0.0,Good
ext_312,2022-11-08,,False,,False,,34.4,61.1,Cloudy,0.0,Unhealthy
ext_313,2022-11-09,,False,,False,,34.1,52.1,Clear,16.8,Unhealthy
ext_314,2022-11-10,,False,,False,,24.0,53.2,Cloudy,0.0,Unhealthy
ext_315,2022-11-11,,False,,False,,35.3,66.0,Partly Cloudy,0.0,Unhealthy
ext_316,2022-11-12,,False,,False,,27.8,51.4,Cloudy,0.0,Unhealthy
ext_317,2022-11-13,,False,,False,,33.3,56.4,Partly Cloudy,0.0,Unhealthy
ext_318,2022-11-14,,False,,False,,23.1,48.9,Cloudy,0.0,Moderate
ext_319,2022-11-15,,False,,False,,26.5,65.3,Cloudy,0.0,Unhealthy
ext_320,2022-11-16,,False,,False,,33.1,52.1,Cloudy,0.0,Moderate
ext_321,2022-11-17,,False,,False,,33.8,52.1,Partly Cloudy,0.0,Good
ext_322,2022-11-18,,False,,False,,31.9,59.0,Clear,0.0,Good
ext_323,2022-11-19,,False,,False,,22.6,64.0,Clear,0.0,Good
ext_324,2022-11-20,,False,,False,,35.4,73.9,Cloudy,0.0,Moderate
ext_325,2022-11-21,,False,,False,,24.7,70.8,Clear,0.0,Good
ext_326,2022-11-22,,False,,False,,29.5,56.9,Cloudy,0.0,Unhealthy
ext_327,2022-11-23,,False,,False,,27.0,48.4,Cloudy,0.0,Good
ext_328,2022-11-24,,False,,False,,27.8,71.5,Clear,13.5,Moderate
ext_329,2022-11-25,,False,,False,,31.4,45.6,Cloudy,0.0,Moderate
ext_330,2022-11-26,,False,,False,,24.0,62.2,Clear,0.0,Unhealthy
ext_331,2022-11-27,,False,,False,,23.6,68.5,Cloudy,0.0,Moderate
ext_332,2022-11-28,,False,,False,,24.6,47.7,Clear,0.0,Good
ext_333,2022-11-29,,False,,False,,28.2,58.7,Cloudy,0.0,Unhealthy
ext_334,2022-11-30,,False,,False,,26.0,70.4,Clear,0.0,Moderate
ext_335,2022-12-01,,False,,False,,14.3,49.1,Clear,0.0,Good
ext_336,2022-12-02,,False,,False,,18.8,47.9,Clear,0.0,Good
ext_337,2022-12-03,,False,,False,,18.9,52.3,Clear,0.0,Good
ext_338,2022-12-04,,False,,False,,18.8,66.4,Cloudy,0.0,Good
ext_339,2022-12-05,,False,,False,,18.6,61.7,Fog,0.0,Good
ext_340,2022-12-06,,False,,False,,15.6,55.1,Clear,0.0,Moderate
ext_341,2022-12-07,,False,,False,,22.3,54.9,Clear,0.0,Unhealthy
ext_342,2022-12-08,,False,,False,,20.8,50.1,Cloudy,10.9,Good
ext_343,2022-12-09,,False,,False,,17.4,72.2,Fog,0.0,Moderate
ext_344,2022-12-10,,False,,False,,15.0,62.4,Fog,0.0,Moderate
ext_345,2022-12-11,,False,,False,,13.9,71.0,Cloudy,0.0,Moderate
ext_346,2022-12-12,,False,,False,,19.5,66.2,Fog,0.0,Moderate
ext_347,2022-12-13,,False,,False,,18.3,59.8,Clear,0.0,Unhealthy
ext_348,2022-12-14,,False,,False,,15.4,56.3,Clear,0.0,Unhealthy
ext_349,2022-12-15,,False,,False,,17.9,74.7,Clear,0.0,Good
ext_350,2022-12-16,,False,,False,,16.5,71.6,Cloudy,0.0,Unhealthy
ext_351,2022-12-17,,False,,False,,18.2,50.3,Clear,0.0,Good
ext_352,2022-12-18,,False,,False,,15.8,45.0,Clear,0.0,Unhealthy
ext_353,2022-12-19,,False,,False,,12.0,61.2,Clear,0.0,Unhealthy
ext_354,2022-12-20,,False,,False,,14.7,48.6,Clear,0.0,Good
ext_355,2022-12-21,,False,,False,,21.3,74.3,Cloudy,0.0,Moderate
ext_356,2022-12-22,,False,,False,,20.3,66.5,Fog,0.0,Moderate
ext_357,2022-12-23,,False,,False,,16.4,68.5,Clear,0.0,Moderate
ext_358,2022-12-24,,False,,False,,17.7,64.3,Clear,0.0,Good
ext_359,2022-12-25,,True,,False,,15.9,56.1,Fog,0.0,Moderate
ext_360,2022-12-26,,False,,False,,16.8,64.0,Clear,0.0,Unhealthy
ext_361,2022-12-27,,False,,False,,13.9,54.1,Fog,0.0,Good
ext_362,2022-12-28,,False,,False,,14.0,69.6,Clear,0.0,Moderate
ext_363,2022-12-29,,False,,False,,19.9,59.7,Cloudy,0.0,Unhealthy
ext_364,2022-12-30,,False,,False,,16.8,53.6,Fog,7.1,Good
ext_365,2022-12-31,,False,,False,,14.4,56.0,Fog,0.0,Unhealthy
ext_366,2023-01-01,,False,,False,,14.2,67.7,Cloudy,0.0,Unhealthy
ext_367,2023-01-02,,False,,False,,21.6,71.2,Clear,0.0,Good
ext_368,2023-01-03,,False,,False,,16.5,64.4,Fog,0.0,Unhealthy
ext_369,2023-01-04,,False,,False,,18.4,54.8,Clear,3.4,Unhealthy
ext_370,2023-01-05,,False,,False,,14.3,53.9,Cloudy,0.0,Good
ext_371,2023-01-06,,False,,False,,18.9,48.9,Clear,10.2,Moderate
ext_372,2023-01-07,,False,,False,,19.4,74.9,Clear,0.0,Moderate
ext_373,2023-01-08,,False,,False,,12.1,69.8,Cloudy,0.0,Unhealthy
ext_374,2023-01-09,,False,,False,,20.9,52.5,Cloudy,0.0,Moderate
ext_375,2023-01-10,,False,,False,,13.1,47.5,Cloudy,0.0,Moderate
ext_376,2023-01-11,,False,,False,,21.2,59.1,Clear,0.0,Unhealthy
ext_377,2023-01-12,,False,,False,,13.9,48.4,Cloudy,0.0,Unhealthy
ext_378,2023-01-13,,False,,False,,18.3,50.9,Clear,0.0,Good
ext_379,2023-01-14,,False,,False,,12.1,71.3,Cloudy,0.0,Moderate
ext_380,2023-01-15,,False,,False,,18.9,48.7,Fog,0.0,Good
ext_381,2023-01-16,,False,,False,,12.5,52.2,Clear,0.0,Unhealthy
ext_382,2023-01-17,,False,,False,,17.9,49.8,Fog,3.5,Moderate
ext_383,2023-01-18,,False,,False,,20.4,56.8,Clear,19.2,Unhealthy
ext_384,2023-01-19,,False,,False,,11.9,74.6,Clear,0.0,Moderate
ext_385,2023-01-20,,False,,False,,14.8,69.3,Clear,0.0,Unhealthy
ext_386,2023-01-21,,False,,False,,18.5,74.8,Clear,13.0,Good
ext_387,2023-01-22,,False,,False,,22.8,63.8,Fog,0.0,Good
ext_388,2023-01-23,,False,,False,,19.2,57.9,Cloudy,0.0,Unhealthy
ext_389,2023-01-24,,False,,False,,12.2,56.0,Fog,0.0,Good
ext_390,2023-01-25,,False,,False,,18.6,54.9,Fog,0.0,Moderate
ext_391,2023-01-26,,False,,False,,15.8,58.4,Fog,0.0,Unhealthy
ext_392,2023-01-27,,False,,False,,16.5,50.1,Cloudy,0.0,Moderate
ext_393,2023-01-28,,False,,False,,15.1,46.9,Clear,0.0,Unhealthy
ext_394,2023-01-29,,False,,False,,13.6,68.5,Cloudy,0.0,Moderate
ext_395,2023-01-30,,False,,False,,17.1,45.7,Cloudy,0.0,Unhealthy
ext_396,2023-01-31,,False,,False,,19.4,47.0,Fog,0.0,Moderate
ext_397,2023-02-01,,False,,False,,18.0,47.6,Fog,0.0,Unhealthy
ext_398,2023-02-02,,False,,False,,19.8,52.4,Clear,0.0,Unhealthy
ext_399,2023-02-03,,False,,False,,15.0,71.9,Clear,0.0,Unhealthy
ext_400,2023-02-04,,False,,False,,19.7,71.8,Cloudy,0.0,Moderate
ext_401,2023-02-05,,True,,False,,14.4,72.0,Fog,0.0,Unhealthy
ext_402,2023-02-06,,False,,False,,16.3,72.2,Cloudy,9.9,Moderate
ext_403,2023-02-07,,False,,False,,22.5,64.1,Cloudy,0.0,Moderate
ext_404,2023-02-08,,False,,False,,13.7,47.3,Fog,0.0,Good
ext_405,2023-02-09,,False,,False,,14.4,72.7,Clear,0.0,Moderate
ext_406,2023-02-10,,False,,False,,14.5,68.5,Cloudy,0.0,Good
ext_407,2023-02-11,,False,,False,,17.0,53.3,Clear,0.0,Moderate
ext_408,2023-02-12,,False,,False,,19.1,66.7,Cloudy,0.0,Unhealthy
ext_409,2023-02-13,,False,,False,,13.7,47.9,Fog,0.0,Good
ext_410,2023-02-14,,False,,False,,22.4,58.5,Cloudy,0.0,Unhealthy
ext_411,2023-02-15,,False,,False,,19.4,63.3,Cloudy,0.0,Moderate
ext_412,2023-02-16,,False,,False,,19.0,61.9,Fog,0.0,Good
ext_413,2023-02-17,,False,,False,,20.6,59.1,Fog,0.0,Moderate
ext_414,2023-02-18,,False,,False,,13.4,55.9,Fog,0.0,Unhealthy
ext_415,2023-02-19,,False,,False,,15.9,49.4,Fog,0.0,Unhealthy
ext_416,2023-02-20,,False,,False,,21.4,47.9,Fog,0.0,Moderate
ext_417,2023-02-21,,False,,False,,13.5,65.8,Fog,0.0,Moderate
ext_418,2023-02-22,,False,,False,,23.4,53.7,Fog,0.0,Good
ext_419,2023-02-23,,False,,False,,18.8,58.8,Clear,0.0,Moderate
ext_420,2023-02-24,,False,,False,,18.5,52.6,Cloudy,0.0,Moderate
ext_421,2023-02-25,,False,,False,,11.4,56.8,Fog,0.0,Good
ext_422,2023-02-26,,False,,False,,16.5,74.0,Clear,0.0,Moderate
ext_423,2023-02-27,,False,,False,,14.3,66.8,Fog,0.0,Unhealthy
ext_424,2023-02-28,,False,,False,,16.8,60.4,Clear,0.0,Good
ext_425,2023-03-01,,False,,False,,34.0,48.3,Cloudy,0.0,Good
ext_426,2023-03-02,,False,,False,,31.8,72.8,Cloudy,0.0,Moderate
ext_427,2023-03-03,,False,,False,,30.0,57.0,Partly Cloudy,0.0,Moderate
ext_428,2023-03-04,,False,,False,,33.6,61.5,Cloudy,0.0,Good
ext_429,2023-03-05,,False,,False,,27.5,49.4,Clear,0.0,Unhealthy
ext_430,2023-03-06,,False,,False,,25.0,70.2,Clear,4.2,Unhealthy
ext_431,2023-03-07,,False,,False,,24.8,61.5,Clear,0.0,Unhealthy
ext_432,2023-03-08,,False,,False,,28.6,46.1,Clear,0.0,Unhealthy
ext_433,2023-03-09,,False,,False,,34.9,51.8,Cloudy,0.0,Moderate
ext_434,2023-03-10,,False,,False,,31.3,65.2,Partly Cloudy,7.2,Moderate
ext_435,2023-03-11,,False,,False,,24.8,61.2,Partly Cloudy,0.0,Moderate
ext_436,2023-03-12,,False,,False,,28.9,66.3,Partly Cloudy,0.0,Moderate
ext_437,2023-03-13,,False,,False,,31.6,49.8,Cloudy,0.0,Unhealthy
ext_438,2023-03-14,,False,,False,,31.6,59.0,Partly Cloudy,0.0,Good
ext_439,2023-03-15,,False,,False,,27.7,68.1,Partly Cloudy,0.0,Unhealthy
ext_440,2023-03-16,,False,,False,,30.8,52.4,Cloudy,7.9,Good
ext_441,2023-03-17,,False,,False,,31.2,72.4,Cloudy,0.0,Unhealthy
ext_442,2023-03-18,,False,,False,,31.7,46.0,Cloudy,0.0,Moderate
ext_443,2023-03-19,,False,,False,,31.9,62.5,Cloudy,0.0,Moderate
ext_444,2023-03-20,,False,,False,,28.6,57.1,Cloudy,0.0,Moderate
ext_445,2023-03-21,,False,,False,,27.3,65.8,Clear,0.0,Unhealthy
ext_446,2023-03-22,,False,,False,,32.1,55.4,Clear,0.0,Moderate
ext_447,2023-03-23,,True,,True,Ramadan,29.1,45.7,Partly Cloudy,0.4,Good
ext_448,2023-03-24,,False,,True,Ramadan,26.8,64.3,Clear,0.0,Moderate
ext_449,2023-03-25,,False,,True,Ramadan,32.7,64.3,Partly Cloudy,0.0,Good
ext_450,2023-03-26,,False,,True,Ramadan,24.7,71.6,Cloudy,0.0,Good
ext_451,2023-03-27,,False,,True,Ramadan,28.6,55.0,Clear,0.0,Moderate
ext_452,2023-03-28,,False,,True,Ramadan,29.6,71.0,Cloudy,0.0,Moderate
ext_453,2023-03-29,,False,,True,Ramadan,29.4,61.4,Clear,0.0,Unhealthy
ext_454,2023-03-30,,False,,True,Ramadan,23.3,65.6,Partly Cloudy,0.0,Unhealthy
ext_455,2023-03-31,,False,,True,Ramadan,34.8,66.1,Cloudy,0.0,Moderate
ext_456,2023-04-01,,False,,True,Ramadan,25.6,60.8,Clear,0.0,Moderate
ext_457,2023-04-02,,False,,True,Ramadan,30.6,67.1,Clear,0.0,Unhealthy
ext_458,2023-04-03,,False,,True,Ramadan,33.4,45.5,Partly Cloudy,0.0,Good
ext_459,2023-04-04,,False,,True,Ramadan,34.8,59.7,Clear,0.0,Unhealthy
ext_460,2023-04-05,,False,,True,Ramadan,26.4,53.7,Partly Cloudy,0.0,Moderate
ext_461,2023-04-06,,False,,True,Ramadan,31.4,55.4,Cloudy,0.0,Unhealthy
ext_462,2023-04-07,,False,,True,Ramadan,24.1,67.2,Partly Cloudy,0.0,Good
ext_463,2023-04-08,,False,,True,Ramadan,23.7,70.8,Cloudy,0.0,Moderate
ext_464,2023-04-09,,False,,True,Ramadan,29.5,51.7,Cloudy,0.0,Moderate
ext_465,2023-04-10,,False,,True,Ramadan,32.3,60.6,Clear,0.0,Good
ext_466,2023-04-11,,False,,True,Ramadan,23.6,61.3,Clear,0.0,Moderate
ext_467,2023-04-12,,False,,True,Ramadan,35.9,71.3,Partly Cloudy,0.0,Good
ext_468,2023-04-13,,False,,True,Ramadan,29.3,68.5,Partly Cloudy,0.0,Unhealthy
ext_469,2023-04-14,,False,,True,Ramadan,22.7,51.7,Cloudy,0.0,Moderate
ext_470,2023-04-15,,False,,True,Ramadan,25.3,49.8,Cloudy,0.0,Unhealthy
ext_471,2023-04-16,,False,,True,Ramadan,35.5,60.7,Partly Cloudy,0.0,Unhealthy
ext_472,2023-04-17,,False,,True,Ramadan,34.3,72.2,Clear,0.0,Unhealthy
ext_473,2023-04-18,,False,,True,Ramadan,23.0,49.9,Clear,0.0,Unhealthy
ext_474,2023-04-19,,False,,True,Ramadan,30.3,63.1,Cloudy,0.0,Good
ext_475,2023-04-20,,False,,True,Ramadan,29.3,67.3,Partly Cloudy,0.0,Moderate
ext_476,2023-04-21,,False,,True,Ramadan,28.6,47.8,Partly Cloudy,0.0,Good
ext_477,2023-04-22,,True,Eid,True,Eid,22.3,55.9,Cloudy,0.0,Moderate
ext_478,2023-04-23,,False,,False,,25.6,69.4,Clear,0.0,Moderate
ext_479,2023-04-24,,False,,False,,28.2,68.3,Clear,0.0,Unhealthy
ext_480,2023-04-25,,False,,False,,27.5,74.3,Clear,0.0,Unhealthy
ext_481,2023-04-26,,False,,False,,23.3,63.5,Partly Cloudy,0.0,Unhealthy
ext_482,2023-04-27,,False,,False,,28.3,73.5,Clear,0.0,Good
ext_483,2023-04-28,,False,,False,,25.3,70.1,Partly Cloudy,0.0,Good
ext_484,2023-04-29,,False,,False,,24.8,72.6,Partly Cloudy,0.0,Good
ext_485,2023-04-30,,False,,False,,28.7,73.4,Partly Cloudy,0.0,Unhealthy
ext_486,2023-05-01,,True,,False,,25.6,72.9,Partly Cloudy,0.0,Moderate
ext_487,2023-05-02,,False,,False,,35.0,54.7,Partly Cloudy,0.0,Good
ext_488,2023-05-03,,False,,False,,30.5,67.9,Clear,0.0,Good
ext_489,2023-05-04,,False,,False,,28.3,73.9,Partly Cloudy,0.0,Good
ext_490,2023-05-05,,False,,False,,24.1,53.5,Cloudy,0.0,Good
ext_491,2023-05-06,,False,,False,,32.1,66.6,Clear,0.0,Good
ext_492,2023-05-07,,False,,False,,35.2,56.4,Clear,0.0,Unhealthy
ext_493,2023-05-08,,False,,False,,27.8,58.9,Cloudy,7.4,Good
ext_494,2023-05-09,,False,,False,,22.7,63.7,Partly Cloudy,0.0,Moderate
ext_495,2023-05-10,,False,,False,,29.6,48.2,Partly Cloudy,0.0,Unhealthy
ext_496,2023-05-11,,False,,False,,25.4,70.3,Cloudy,0.0,Moderate
ext_497,2023-05-12,,False,,False,,24.2,46.0,Clear,0.0,Moderate
ext_498,2023-05-13,,False,,False,,29.5,45.1,Clear,0.0,Moderate
ext_499,2023-05-14,,False,,False,,33.6,62.9,Clear,0.0,Unhealthy
ext_500,2023-05-15,,False,,False,,21.1,65.4,Clear,0.0,Moderate
ext_501,2023-05-16,,False,,False,,29.9,62.0,Partly Cloudy,0.0,Good
ext_502,2023-05-17,,False,,False,,24.4,56.1,Partly Cloudy,0.0,Moderate
ext_503,2023-05-18,,False,,False,,22.6,61.1,Partly Cloudy,0.0,Moderate
ext_504,2023-05-19,,False,,False,,30.9,55.6,Cloudy,0.0,Unhealthy
ext_505,2023-05-20,,False,,False,,27.1,50.5,Clear,0.0,Good
ext_506,2023-05-21,,False,,False,,30.4,58.3,Partly Cloudy,0.0,Good
ext_507,2023-05-22,,False,,False,,24.9,56.7,Cloudy,0.0,Good
ext_508,2023-05-23,,False,,False,,32.7,58.5,Cloudy,0.0,Unhealthy
ext_509,2023-05-24,,False,,False,,31.7,61.3,Partly Cloudy,0.0,Moderate
ext_510,2023-05-25,,False,,False,,25.8,72.7,Cloudy,0.0,Moderate
ext_511,2023-05-26,,False,,False,,32.2,54.1,Cloudy,0.0,Moderate
ext_512,2023-05-27,,False,,False,,28.4,49.8,Clear,0.0,Good
ext_513,2023-05-28,,False,,False,,31.0,49.4,Cloudy,0.0,Moderate
ext_514,2023-05-29,,False,,False,,27.9,51.6,Partly Cloudy,0.0,Moderate
ext_515,2023-05-30,,False,,False,,23.3,66.2,Clear,0.0,Moderate
ext_516,2023-05-31,,False,,False,,26.3,66.7,Clear,0.0,Unhealthy
ext_517,2023-06-01,,False,,False,,42.1,67.0,Partly Cloudy,0.0,Moderate
ext_518,2023-06-02,,False,,False,,31.7,57.1,Clear,4.2,Unhealthy
ext_519,2023-06-03,,False,,False,,41.9,74.4,Partly Cloudy,0.0,Moderate
ext_520,2023-06-04,,False,,False,,36.3,49.9,Clear,0.0,Moderate
ext_521,2023-06-05,,False,,False,,40.0,53.8,Partly Cloudy,0.0,Moderate
ext_522,2023-06-06,,False,,False,,39.0,50.5,Clear,0.0,Good
ext_523,2023-06-07,,False,,False,,32.1,45.8,Partly Cloudy,0.0,Moderate
ext_524,2023-06-08,,False,,False,,31.4,45.7,Clear,0.0,Good
ext_525,2023-06-09,,False,,False,,42.1,45.4,Partly Cloudy,0.0,Unhealthy
ext_526,2023-06-10,,False,,False,,37.7,47.8,Partly Cloudy,0.0,Unhealthy
ext_527,2023-06-11,,False,,False,,34.3,66.1,Hot,0.0,Unhealthy
ext_528,2023-06-12,,False,,False,,39.1,73.2,Clear,0.0,Unhealthy
ext_529,2023-06-13,,False,,False,,37.3,53.3,Hot,10.4,Good
ext_530,2023-06-14,,False,,False,,35.4,57.6,Partly Cloudy,0.0,Moderate
ext_531,2023-06-15,,False,,False,,42.5,56.4,Hot,6.0,Moderate
ext_532,2023-06-16,,False,,False,,40.9,54.7,Clear,0.0,Moderate
ext_533,2023-06-17,,False,,False,,42.4,50.8,Clear,0.0,Good
ext_534,2023-06-18,,False,,False,,38.1,57.2,Clear,0.0,Unhealthy
ext_535,2023-06-19,,False,,False,,38.0,68.8,Partly Cloudy,19.3,Moderate
ext_536,2023-06-20,,False,,False,,42.4,60.1,Partly Cloudy,0.0,Moderate
ext_537,2023-06-21,,False,,False,,38.5,68.1,Partly Cloudy,0.0,Moderate
ext_538,2023-06-22,,False,,False,,43.8,58.6,Hot,0.0,Unhealthy
ext_539,2023-06-23,,False,,False,,33.2,45.5,Hot,0.0,Unhealthy
ext_540,2023-06-24,,False,,False,,31.8,49.2,Hot,0.0,Good
ext_541,2023-06-25,,False,,False,,30.6,70.6,Partly Cloudy,0.0,Good
ext_542,2023-06-26,,False,,False,,41.2,70.6,Clear,0.0,Good
ext_543,2023-06-27,,False,,False,,36.9,58.9,Partly Cloudy,0.0,Moderate
ext_544,2023-06-28,,False,,False,,41.1,54.0,Hot,0.0,Unhealthy
ext_545,2023-06-29,,True,Eid,True,Eid,42.5,72.5,Partly Cloudy,0.0,Unhealthy
ext_546,2023-06-30,,False,,False,,39.9,57.7,Partly Cloudy,0.0,Good
ext_547,2023-07-01,,False,,False,,41.0,52.6,Hot,0.0,Unhealthy
ext_548,2023-07-02,,False,,False,,36.5,46.7,Partly Cloudy,0.0,Moderate
ext_549,2023-07-03,,False,,False,,36.9,58.2,Clear,0.0,Moderate
ext_550,2023-07-04,,False,,False,,41.4,62.9,Hot,0.0,Unhealthy
ext_551,2023-07-05,,False,,False,,42.9,48.7,Partly Cloudy,0.0,Good
ext_552,2023-07-06,,False,,False,,35.7,64.9,Clear,0.0,Moderate
ext_553,2023-07-07,,False,,False,,41.3,54.6,Partly Cloudy,5.6,Moderate
ext_554,2023-07-08,,False,,False,,40.9,68.1,Hot,0.0,Unhealthy
ext_555,2023-07-09,,False,,False,,32.0,54.0,Hot,7.4,Good
ext_556,2023-07-10,,False,,False,,35.8,62.3,Partly Cloudy,0.0,Good
ext_557,2023-07-11,,False,,False,,36.7,74.0,Clear,0.0,Unhealthy
ext_558,2023-07-12,,False,,False,,44.2,49.0,Hot,0.0,Unhealthy
ext_559,2023-07-13,,False,,False,,39.2,63.3,Partly Cloudy,0.0,Good
ext_560,2023-07-14,,False,,False,,33.2,54.2,Clear,0.0,Unhealthy
ext_561,2023-07-15,,False,,False,,42.1,73.4,Partly Cloudy,0.0,Good
ext_562,2023-07-16,,False,,False,,42.5,57.3,Hot,0.0,Moderate
ext_563,2023-07-17,,False,,False,,40.9,46.8,Partly Cloudy,0.0,Unhealthy
ext_564,2023-07-18,,False,,False,,31.0,55.7,Hot,0.0,Moderate
ext_565,2023-07-19,,False,,False,,40.8,71.9,Hot,0.0,Unhealthy
ext_566,2023-07-20,,False,,False,,44.4,59.0,Hot,5.1,Moderate
ext_567,2023-07-21,,False,,False,,44.6,69.4,Clear,0.0,Moderate
ext_568,2023-07-22,,False,,False,,38.5,67.4,Hot,0.0,Good
ext_569,2023-07-23,,False,,False,,31.6,70.9,Partly Cloudy,0.0,Moderate
ext_570,2023-07-24,,False,,False,,36.5,61.4,Partly Cloudy,17.0,Unhealthy
ext_571,2023-07-25,,False,,False,,41.5,57.2,Partly Cloudy,0.0,Unhealthy
ext_572,2023-07-26,,False,,False,,37.6,73.6,Clear,0.0,Unhealthy
ext_573,2023-07-27,,False,,False,,37.5,59.6,Partly Cloudy,0.0,Moderate
ext_574,2023-07-28,,False,,False,,40.1,45.5,Clear,0.0,Good
ext_575,2023-07-29,,False,,False,,35.0,74.8,Hot,0.0,Moderate
ext_576,2023-07-30,,False,,False,,36.5,46.9,Partly Cloudy,0.0,Moderate
ext_577,2023-07-31,,False,,False,,36.8,56.6,Clear,0.0,Good
ext_578,2023-08-01,,False,,False,,34.9,60.9,Clear,0.0,Good
ext_579,2023-08-02,,False,,False,,35.2,55.8,Hot,0.0,Good
ext_580,2023-08-03,,False,,False,,38.8,54.7,Hot,0.0,Unhealthy
ext_581,2023-08-04,,False,,False,,35.1,50.5,Clear,0.0,Unhealthy
ext_582,2023-08-05,,False,,False,,42.6,50.1,Partly Cloudy,0.0,Unhealthy
ext_583,2023-08-06,,False,,False,,34.6,61.7,Hot,0.0,Moderate
ext_584,2023-08-07,,False,,False,,34.4,73.9,Hot,0.0,Moderate
ext_585,2023-08-08,,False,,False,,39.9,71.7,Clear,0.0,Unhealthy
ext_586,2023-08-09,,False,,False,,38.8,68.6,Clear,0.0,Unhealthy
ext_587,2023-08-10,,False,,False,,42.3,62.3,Hot,0.0,Good
ext_588,2023-08-11,,False,,False,,39.6,53.9,Hot,0.0,Moderate
ext_589,2023-08-12,,False,,False,,36.3,64.9,Clear,18.0,Unhealthy
ext_590,2023-08-13,,False,,False,,42.4,60.2,Partly Cloudy,0.0,Moderate
ext_591,2023-08-14,,True,,False,,39.4,54.4,Clear,0.0,Good
ext_592,2023-08-15,,False,,False,,32.6,48.9,Clear,0.0,Moderate
ext_593,2023-08-16,,False,,False,,34.9,49.8,Hot,17.1,Moderate
ext_594,2023-08-17,,False,,False,,34.6,67.4,Partly Cloudy,0.0,Moderate
ext_595,2023-08-18,,False,,False,,38.7,74.4,Hot,0.0,Good
ext_596,2023-08-19,,False,,False,,43.0,59.8,Partly Cloudy,0.0,Good
ext_597,2023-08-20,,False,,False,,39.8,67.2,Clear,0.0,Unhealthy
ext_598,2023-08-21,,False,,False,,38.6,58.1,Clear,0.0,Unhealthy
ext_599,2023-08-22,,False,,False,,38.7,62.7,Hot,0.0,Moderate
ext_600,2023-08-23,,False,,False,,37.1,70.2,Partly Cloudy,0.0,Moderate
ext_601,2023-08-24,,False,,False,,31.3,59.2,Partly Cloudy,0.0,Unhealthy
ext_602,2023-08-25,,False,,False,,40.6,69.2,Hot,0.0,Moderate
ext_603,2023-08-26,,False,,False,,38.9,73.2,Partly Cloudy,0.0,Unhealthy
ext_604,2023-08-27,,False,,False,,37.8,68.3,Clear,0.0,Good
ext_605,2023-08-28,,False,,False,,37.7,66.6,Hot,8.6,Unhealthy
ext_606,2023-08-29,,False,,False,,36.2,68.8,Hot,0.0,Unhealthy
ext_607,2023-08-30,,False,,False,,33.1,55.4,Clear,0.0,Unhealthy
ext_608,2023-08-31,,False,,False,,39.4,55.6,Clear,0.0,Moderate
ext_609,2023-09-01,,False,,False,,23.8,61.9,Clear,0.0,Unhealthy
ext_610,2023-09-02,,False,,False,,27.0,54.5,Cloudy,0.0,Moderate
ext_611,2023-09-03,,False,,False,,30.2,49.6,Clear,0.0,Unhealthy
ext_612,2023-09-04,,False,,False,,25.2,72.5,Clear,0.0,Moderate
ext_613,2023-09-05,,False,,False,,31.2,52.3,Clear,0.0,Unhealthy
ext_614,2023-09-06,,False,,False,,28.3,70.1,Clear,0.0,Unhealthy
ext_615,2023-09-07,,False,,False,,25.8,59.5,Cloudy,0.0,Unhealthy
ext_616,2023-09-08,,False,,False,,26.8,66.9,Clear,0.0,Moderate
ext_617,2023-09-09,,False,,False,,35.8,45.7,Partly Cloudy,0.0,Unhealthy
ext_618,2023-09-10,,False,,False,,28.1,63.3,Cloudy,0.0,Unhealthy
ext_619,2023-09-11,,False,,False,,23.7,53.2,Partly Cloudy,0.0,Unhealthy
ext_620,2023-09-12,,False,,False,,24.7,52.1,Clear,0.0,Good
ext_621,2023-09-13,,False,,False,,22.9,60.4,Cloudy,0.0,Unhealthy
ext_622,2023-09-14,,False,,False,,22.3,72.3,Clear,0.0,Moderate
ext_623,2023-09-15,,False,,False,,28.3,68.1,Partly Cloudy,0.0,Moderate
ext_624,2023-09-16,,False,,False,,32.3,63.7,Clear,0.0,Unhealthy
ext_625,2023-09-17,,False,,False,,31.2,73.5,Clear,0.0,Good
ext_626,2023-09-18,,False,,False,,25.9,67.4,Cloudy,0.0,Moderate
ext_627,2023-09-19,,False,,False,,26.0,69.3,Partly Cloudy,0.0,Good
ext_628,2023-09-20,,False,,False,,24.7,51.6,Partly Cloudy,0.0,Good
ext_629,2023-09-21,,False,,False,,35.1,71.0,Clear,0.0,Unhealthy
ext_630,2023-09-22,,False,,False,,28.9,46.8,Partly Cloudy,19.8,Moderate
ext_631,2023-09-23,,False,,False,,24.4,46.0,Partly Cloudy,17.8,Good
ext_632,2023-09-24,,False,,False,,32.3,56.2,Cloudy,0.0,Unhealthy
ext_633,2023-09-25,,False,,False,,30.7,71.8,Clear,0.0,Good
ext_634,2023-09-26,,False,,False,,25.7,54.7,Partly Cloudy,0.0,Good
ext_635,2023-09-27,,False,,False,,29.9,68.9,Partly Cloudy,0.0,Moderate
ext_636,2023-09-28,,False,,False,,28.5,58.1,Clear,0.0,Moderate
ext_637,2023-09-29,,False,,False,,25.3,56.1,Partly Cloudy,0.0,Moderate
ext_638,2023-09-30,,False,,False,,26.9,54.8,Partly Cloudy,7.4,Unhealthy
ext_639,2023-10-01,,False,,False,,23.9,64.8,Clear,0.0,Good
ext_640,2023-10-02,,False,,False,,32.7,70.2,Clear,0.0,Unhealthy
ext_641,2023-10-03,,False,,False,,32.2,57.4,Partly Cloudy,0.0,Unhealthy
ext_642,2023-10-04,,False,,False,,33.6,50.5,Partly Cloudy,0.0,Good
ext_643,2023-10-05,,False,,False,,24.7,46.8,Cloudy,0.0,Good
ext_644,2023-10-06,,False,,False,,26.0,74.5,Partly Cloudy,0.0,Moderate
ext_645,2023-10-07,,False,,False,,34.9,55.9,Cloudy,0.0,Moderate
ext_646,2023-10-08,,False,,False,,27.8,63.5,Partly Cloudy,0.0,Unhealthy
ext_647,2023-10-09,,False,,False,,23.1,50.5,Clear,0.0,Good
ext_648,2023-10-10,,False,,False,,33.0,51.1,Cloudy,0.0,Moderate
ext_649,2023-10-11,,False,,False,,29.3,59.4,Partly Cloudy,0.0,Good
ext_650,2023-10-12,,False,,False,,24.9,69.1,Cloudy,0.0,Good
ext_651,2023-10-13,,False,,False,,25.9,54.0,Cloudy,0.0,Moderate
ext_652,2023-10-14,,False,,False,,27.6,52.6,Clear,0.0,Good
ext_653,2023-10-15,,False,,False,,32.2,63.9,Partly Cloudy,0.0,Moderate
ext_654,2023-10-16,,False,,False,,25.9,65.7,Partly Cloudy,0.0,Moderate
ext_655,2023-10-17,,False,,False,,32.5,57.5,Cloudy,0.0,Good
ext_656,2023-10-18,,False,,False,,27.9,73.5,Partly Cloudy,0.0,Moderate
ext_657,2023-10-19,,False,,False,,30.0,71.6,Cloudy,0.0,Moderate
ext_658,2023-10-20,,False,,False,,29.7,57.4,Cloudy,0.0,Unhealthy
ext_659,2023-10-21,,False,,False,,31.3,58.2,Partly Cloudy,0.0,Unhealthy
ext_660,2023-10-22,,False,,False,,29.4,54.6,Partly Cloudy,0.0,Good
ext_661,2023-10-23,,False,,False,,32.1,51.2,Clear,7.3,Good
ext_662,2023-10-24,,False,,False,,24.2,61.9,Clear,0.0,Unhealthy
ext_663,2023-10-25,,False,,False,,33.5,54.2,Cloudy,0.0,Unhealthy
ext_664,2023-10-26,,False,,False,,32.0,48.4,Partly Cloudy,0.0,Moderate
ext_665,2023-10-27,,False,,False,,27.5,48.9,Cloudy,0.0,Moderate
ext_666,2023-10-28,,False,,False,,23.1,53.8,Cloudy,0.0,Good
ext_667,2023-10-29,,False,,False,,32.9,65.2,Partly Cloudy,0.0,Unhealthy
ext_668,2023-10-30,,False,,False,,30.2,61.6,Partly Cloudy,0.0,Unhealthy
ext_669,2023-10-31,,False,,False,,26.5,61.9,Clear,18.7,Good
ext_670,2023-11-01,,False,,False,,23.2,48.4,Cloudy,0.0,Moderate
ext_671,2023-11-02,,False,,False,,33.4,67.2,Clear,0.0,Moderate
ext_672,2023-11-03,,False,,False,,25.8,55.3,Cloudy,0.0,Good
ext_673,2023-11-04,,False,,False,,25.6,46.6,Cloudy,15.8,Good
ext_674,2023-11-05,,False,,False,,29.8,58.3,Partly Cloudy,0.0,Moderate
ext_675,2023-11-06,,False,,False,,35.1,62.1,Clear,0.0,Moderate
ext_676,2023-11-07,,False,,False,,27.2,72.5,Partly Cloudy,0.0,Good
ext_677,2023-11-08,,False,,False,,25.9,59.4,Clear,0.0,Unhealthy
ext_678,2023-11-09,,False,,False,,24.9,52.2,Partly Cloudy,0.0,Good
ext_679,2023-11-10,,False,,False,,29.8,51.2,Clear,0.0,Good
ext_680,2023-11-11,,False,,False,,29.3,57.6,Partly Cloudy,0.0,Moderate
ext_681,2023-11-12,,False,,False,,31.4,52.1,Partly Cloudy,0.0,Moderate
ext_682,2023-11-13,,False,,False,,28.5,68.5,Clear,0.0,Unhealthy
ext_683,2023-11-14,,False,,False,,30.8,63.7,Partly Cloudy,0.0,Moderate
ext_684,2023-11-15,,False,,False,,23.2,50.7,Partly Cloudy,0.0,Unhealthy
ext_685,2023-11-16,,False,,False,,29.4,70.8,Cloudy,0.0,Good
ext_686,2023-11-17,,False,,False,,27.3,56.2,Clear,0.0,Unhealthy
ext_687,2023-11-18,,False,,False,,28.4,50.0,Partly Cloudy,0.0,Good
ext_688,2023-11-19,,False,,False,,34.8,67.3,Partly Cloudy,3.0,Moderate
ext_689,2023-11-20,,False,,False,,27.1,63.8,Cloudy,0.0,Good
ext_690,2023-11-21,,False,,False,,23.6,63.6,Cloudy,0.0,Unhealthy
ext_691,2023-11-22,,False,,False,,26.8,48.1,Partly Cloudy,9.1,Unhealthy
ext_692,2023-11-23,,False,,False,,24.3,73.4,Partly Cloudy,0.0,Good
ext_693,2023-11-24,,False,,False,,26.5,50.4,Cloudy,0.0,Good
ext_694,2023-11-25,,False,,False,,22.3,67.1,Clear,0.0,Good
ext_695,2023-11-26,,False,,False,,26.8,50.7,Partly Cloudy,0.0,Good
ext_696,2023-11-27,,False,,False,,30.2,73.7,Partly Cloudy,0.0,Moderate
ext_697,2023-11-28,,False,,False,,30.7,50.0,Clear,0.0,Good
ext_698,2023-11-29,,False,,False,,26.1,48.9,Partly Cloudy,0.0,Unhealthy
ext_699,2023-11-30,,False,,False,,28.7,52.0,Partly Cloudy,0.0,Good
ext_700,2023-12-01,,False,,False,,15.1,60.9,Clear,0.0,Unhealthy
ext_701,2023-12-02,,False,,False,,12.7,61.4,Fog,0.0,Good
ext_702,2023-12-03,,False,,False,,20.0,52.9,Cloudy,0.0,Moderate
ext_703,2023-12-04,,False,,False,,19.9,58.9,Cloudy,0.0,Unhealthy
ext_704,2023-12-05,,False,,False,,19.0,67.5,Clear,0.0,Good
ext_705,2023-12-06,,False,,False,,15.0,73.3,Fog,0.0,Moderate
ext_706,2023-12-07,,False,,False,,16.2,63.6,Cloudy,0.0,Good
ext_707,2023-12-08,,False,,False,,21.0,64.4,Cloudy,0.0,Good
ext_708,2023-12-09,,False,,False,,12.9,54.5,Cloudy,0.0,Moderate
ext_709,2023-12-10,,False,,False,,20.2,51.8,Clear,0.0,Good
ext_710,2023-12-11,,False,,False,,16.6,49.5,Clear,0.0,Good
ext_711,2023-12-12,,False,,False,,19.0,52.9,Fog,0.0,Moderate
ext_712,2023-12-13,,False,,False,,14.8,68.9,Fog,0.0,Moderate
ext_713,2023-12-14,,False,,False,,15.2,74.2,Cloudy,0.0,Good
ext_714,2023-12-15,,False,,False,,19.6,55.9,Cloudy,0.0,Unhealthy
ext_715,2023-12-16,,False,,False,,17.4,62.2,Fog,0.0,Good
ext_716,2023-12-17,,False,,False,,13.1,51.5,Cloudy,0.0,Good
ext_717,2023-12-18,,False,,False,,18.7,66.5,Clear,0.0,Unhealthy
ext_718,2023-12-19,,False,,False,,11.0,54.4,Cloudy,0.0,Good
ext_719,2023-12-20,,False,,False,,16.0,55.4,Clear,0.0,Good
ext_720,2023-12-21,,False,,False,,16.5,68.7,Clear,0.0,Moderate
ext_721,2023-12-22,,False,,False,,11.4,47.7,Fog,0.0,Moderate
ext_722,2023-12-23,,False,,False,,11.3,67.0,Cloudy,0.0,Good
ext_723,2023-12-24,,False,,False,,14.3,65.5,Fog,0.0,Unhealthy
ext_724,2023-12-25,,True,,False,,18.0,57.2,Fog,0.0,Moderate
ext_725,2023-12-26,,False,,False,,13.8,74.3,Fog,0.0,Moderate
ext_726,2023-12-27,,False,,False,,14.4,72.0,Cloudy,0.0,Good
ext_727,2023-12-28,,False,,False,,19.5,52.7,Clear,10.9,Moderate
ext_728,2023-12-29,,False,,False,,14.0,51.9,Cloudy,0.0,Moderate
ext_729,2023-12-30,,False,,False,,14.3,56.1,Cloudy,0.0,Unhealthy
ext_730,2023-12-31,,False,,False,,11.5,48.3,Cloudy,0.0,Unhealthy
ext_731,2024-01-01,,False,,False,,18.1,56.0,Clear,0.0,Good
ext_732,2024-01-02,,False,,False,,17.6,63.7,Fog,0.0,Unhealthy
ext_733,2024-01-03,,False,,False,,11.4,67.3,Fog,0.0,Good
ext_734,2024-01-04,,False,,False,,20.1,64.8,Fog,0.0,Good
ext_735,2024-01-05,,False,,False,,18.1,54.1,Fog,3.3,Good
ext_736,2024-01-06,,False,,False,,19.9,48.5,Clear,0.0,Unhealthy
ext_737,2024-01-07,,False,,False,,17.5,72.5,Cloudy,0.0,Moderate
ext_738,2024-01-08,,False,,False,,21.5,74.7,Fog,0.0,Moderate
ext_739,2024-01-09,,False,,False,,19.7,68.4,Clear,0.0,Good
ext_740,2024-01-10,,False,,False,,18.2,67.1,Clear,0.0,Moderate
ext_741,2024-01-11,,False,,False,,18.4,49.3,Clear,19.4,Unhealthy
ext_742,2024-01-12,,False,,False,,12.6,65.6,Fog,4.1,Good
ext_743,2024-01-13,,False,,False,,20.3,61.6,Fog,0.0,Good
ext_744,2024-01-14,,False,,False,,20.9,48.9,Fog,0.0,Unhealthy
ext_745,2024-01-15,,False,,False,,13.9,56.7,Clear,0.0,Good
ext_746,2024-01-16,,False,,False,,14.4,49.8,Cloudy,0.0,Unhealthy
ext_747,2024-01-17,,False,,False,,13.6,52.6,Clear,0.0,Unhealthy
ext_748,2024-01-18,,False,,False,,15.3,64.6,Clear,0.0,Good
ext_749,2024-01-19,,False,,False,,19.9,70.4,Fog,0.0,Good
ext_750,2024-01-20,,False,,False,,20.1,47.1,Cloudy,0.0,Moderate
ext_751,2024-01-21,,False,,False,,19.2,72.6,Clear,0.0,Unhealthy
ext_752,2024-01-22,,False,,False,,18.5,61.0,Clear,0.0,Moderate
ext_753,2024-01-23,,False,,False,,15.2,57.6,Fog,0.0,Unhealthy
ext_754,2024-01-24,,False,,False,,13.9,66.1,Cloudy,0.0,Moderate
ext_755,2024-01-25,,False,,False,,22.1,45.3,Clear,3.9,Moderate
ext_756,2024-01-26,,False,,False,,19.1,61.9,Cloudy,0.0,Moderate
ext_757,2024-01-27,,False,,False,,13.1,71.2,Fog,0.0,Moderate
ext_758,2024-01-28,,False,,False,,22.1,48.4,Cloudy,0.0,Good
ext_759,2024-01-29,,False,,False,,16.8,66.2,Fog,0.0,Unhealthy
ext_760,2024-01-30,,False,,False,,20.5,73.1,Cloudy,0.0,Good
ext_761,2024-01-31,,False,,False,,14.6,56.0,Clear,0.0,Unhealthy
ext_762,2024-02-01,,False,,False,,16.1,54.3,Cloudy,0.0,Moderate
ext_763,2024-02-02,,False,,False,,19.5,68.7,Clear,0.0,Good
ext_764,2024-02-03,,False,,False,,22.7,57.1,Cloudy,0.0,Moderate
ext_765,2024-02-04,,False,,False,,15.9,62.3,Clear,0.0,Moderate
ext_766,2024-02-05,,True,,False,,14.8,74.3,Fog,0.0,Good
ext_767,2024-02-06,,False,,False,,20.4,57.1,Clear,0.0,Unhealthy
ext_768,2024-02-07,,False,,False,,20.2,55.9,Fog,0.0,Good
ext_769,2024-02-08,,False,,False,,19.6,72.5,Fog,13.4,Good
ext_770,2024-02-09,,False,,False,,20.5,65.1,Cloudy,0.0,Unhealthy
ext_771,2024-02-10,,False,,False,,21.4,65.1,Cloudy,0.0,Unhealthy
ext_772,2024-02-11,,False,,False,,18.8,52.6,Clear,0.0,Moderate
ext_773,2024-02-12,,False,,False,,15.4,70.1,Clear,0.0,Moderate
ext_774,2024-02-13,,False,,False,,21.1,74.2,Cloudy,0.0,Moderate
ext_775,2024-02-14,,False,,False,,20.7,69.1,Fog,0.0,Moderate
ext_776,2024-02-15,,False,,False,,12.4,60.6,Fog,0.0,Unhealthy
ext_777,2024-02-16,,False,,False,,12.6,68.6,Cloudy,0.0,Unhealthy
ext_778,2024-02-17,,False,,False,,18.0,53.1,Cloudy,0.0,Unhealthy
ext_779,2024-02-18,,False,,False,,19.1,54.1,Cloudy,0.0,Moderate
ext_780,2024-02-19,,False,,False,,14.0,65.2,Fog,0.0,Unhealthy
ext_781,2024-02-20,,False,,False,,14.4,65.7,Fog,0.0,Unhealthy
ext_782,2024-02-21,,False,,False,,20.4,55.6,Cloudy,0.0,Good
ext_783,2024-02-22,,False,,False,,20.3,70.8,Fog,0.0,Moderate
ext_784,2024-02-23,,False,,False,,10.9,68.0,Cloudy,13.8,Unhealthy
ext_785,2024-02-24,,False,,False,,11.7,52.9,Cloudy,0.0,Good
ext_786,2024-02-25,,False,,False,,18.7,46.7,Clear,0.0,Unhealthy
ext_787,2024-02-26,,False,,False,,18.1,51.2,Cloudy,0.0,Unhealthy
ext_788,2024-02-27,,False,,False,,17.7,73.0,Cloudy,0.0,Good
ext_789,2024-02-28,,False,,False,,18.1,64.9,Fog,0.0,Unhealthy
ext_790,2024-02-29,,False,,False,,15.3,49.4,Cloudy,0.0,Good
ext_791,2024-03-01,,False,,False,,28.8,57.9,Clear,0.0,Good
ext_792,2024-03-02,,False,,False,,28.0,45.8,Cloudy,0.0,Unhealthy
ext_793,2024-03-03,,False,,False,,24.2,55.0,Partly Cloudy,0.0,Unhealthy
ext_794,2024-03-04,,False,,False,,31.3,53.9,Clear,0.0,Unhealthy
ext_795,2024-03-05,,False,,False,,30.2,47.0,Partly Cloudy,0.0,Moderate
ext_796,2024-03-06,,False,,False,,33.2,63.3,Partly Cloudy,0.0,Good
ext_797,2024-03-07,,False,,False,,35.4,74.8,Clear,0.0,Moderate
ext_798,2024-03-08,,False,,False,,28.7,50.5,Partly Cloudy,0.0,Unhealthy
ext_799,2024-03-09,,False,,False,,25.3,63.0,Clear,0.0,Moderate
ext_800,2024-03-10,,False,,False,,25.8,54.1,Clear,13.1,Unhealthy
ext_801,2024-03-11,,False,,True,Ramadan,28.4,54.1,Cloudy,0.0,Good
ext_802,2024-03-12,,False,,True,Ramadan,28.5,52.8,Cloudy,0.0,Unhealthy
ext_803,2024-03-13,,False,,True,Ramadan,24.7,70.8,Partly Cloudy,0.0,Moderate
ext_804,2024-03-14,,False,,True,Ramadan,25.1,69.6,Clear,17.8,Good
ext_805,2024-03-15,,False,,True,Ramadan,22.5,54.7,Clear,0.0,Moderate
ext_806,2024-03-16,,False,,True,Ramadan,23.4,65.0,Cloudy,0.0,Good
ext_807,2024-03-17,,False,,True,Ramadan,28.5,50.4,Cloudy,0.0,Unhealthy
ext_808,2024-03-18,,False,,True,Ramadan,22.5,56.6,Cloudy,0.0,Unhealthy
ext_809,2024-03-19,,False,,True,Ramadan,23.4,66.6,Clear,0.0,Good
ext_810,2024-03-20,,False,,True,Ramadan,29.5,49.6,Cloudy,16.1,Good
ext_811,2024-03-21,,False,,True,Ramadan,26.2,49.6,Cloudy,0.0,Good
ext_812,2024-03-22,,False,,True,Ramadan,25.6,64.1,Cloudy,0.0,Good
ext_813,2024-03-23,,True,,True,Ramadan,34.3,54.3,Clear,0.0,Good
ext_814,2024-03-24,,False,,True,Ramadan,34.1,70.4,Cloudy,0.0,Good
ext_815,2024-03-25,,False,,True,Ramadan,26.4,56.8,Cloudy,17.4,Good
ext_816,2024-03-26,,False,,True,Ramadan,32.2,69.1,Cloudy,0.0,Moderate
ext_817,2024-03-27,,False,,True,Ramadan,35.9,74.4,Partly Cloudy,0.0,Unhealthy
ext_818,2024-03-28,,False,,True,Ramadan,28.9,62.4,Partly Cloudy,0.0,Good
ext_819,2024-03-29,,False,,True,Ramadan,24.1,68.7,Clear,0.0,Moderate
ext_820,2024-03-30,,False,,True,Ramadan,22.6,60.7,Clear,0.0,Moderate
ext_821,2024-03-31,,False,,True,Ramadan,27.9,51.2,Partly Cloudy,0.0,Moderate
ext_822,2024-04-01,,False,,True,Ramadan,34.3,46.2,Clear,0.0,Unhealthy
ext_823,2024-04-02,,False,,True,Ramadan,20.1,55.2,Partly Cloudy,1.5,Unhealthy
ext_824,2024-04-03,,False,,True,Ramadan,32.7,74.5,Cloudy,0.0,Unhealthy
ext_825,2024-04-04,,False,,True,Ramadan,28.7,62.7,Clear,0.0,Unhealthy
ext_826,2024-04-05,,False,,True,Ramadan,29.2,59.4,Cloudy,0.0,Moderate
ext_827,2024-04-06,,False,,True,Ramadan,33.3,50.1,Clear,0.0,Moderate
ext_828,2024-04-07,,False,,True,Ramadan,24.4,70.5,Clear,0.0,Moderate
ext_829,2024-04-08,,False,,True,Ramadan,33.9,70.0,Clear,0.0,Unhealthy
ext_830,2024-04-09,,False,,True,Ramadan,33.2,58.2,Partly Cloudy,0.0,Moderate
ext_831,2024-04-10,,True,Eid,True,Eid,23.8,71.2,Partly Cloudy,0.0,Good
ext_832,2024-04-11,,False,,False,,29.7,55.4,Partly Cloudy,0.0,Moderate
ext_833,2024-04-12,,False,,False,,21.6,74.3,Cloudy,0.0,Unhealthy
ext_834,2024-04-13,,False,,False,,24.0,72.3,Cloudy,17.5,Unhealthy
ext_835,2024-04-14,,False,,False,,22.6,60.9,Partly Cloudy,0.0,Unhealthy
ext_836,2024-04-15,,False,,False,,27.9,72.3,Cloudy,0.0,Moderate
ext_837,2024-04-16,,False,,False,,30.5,72.6,Partly Cloudy,0.0,Unhealthy
ext_838,2024-04-17,,False,,False,,22.7,59.8,Clear,0.0,Moderate
ext_839,2024-04-18,,False,,False,,32.0,72.7,Cloudy,0.0,Unhealthy
ext_840,2024-04-19,,False,,False,,23.0,54.1,Partly Cloudy,18.1,Good
ext_841,2024-04-20,,False,,False,,33.6,53.3,Cloudy,0.0,Good
ext_842,2024-04-21,,False,,False,,32.0,49.0,Clear,0.0,Unhealthy
ext_843,2024-04-22,,False,,False,,26.1,56.0,Cloudy,0.0,Moderate
ext_844,2024-04-23,,False,,False,,25.1,53.4,Cloudy,0.0,Unhealthy
ext_845,2024-04-24,,False,,False,,31.4,72.5,Cloudy,0.0,Moderate
ext_846,2024-04-25,,False,,False,,29.6,59.1,Cloudy,0.0,Good
ext_847,2024-04-26,,False,,False,,26.0,50.4,Clear,0.0,Unhealthy
ext_848,2024-04-27,,False,,False,,28.3,47.5,Partly Cloudy,0.0,Unhealthy
ext_849,2024-04-28,,False,,False,,22.1,60.5,Clear,0.0,Moderate
ext_850,2024-04-29,,False,,False,,20.6,56.3,Partly Cloudy,0.0,Unhealthy
ext_851,2024-04-30,,False,,False,,27.8,49.9,Cloudy,0.0,Good
ext_852,2024-05-01,,True,,False,,33.4,50.2,Partly Cloudy,0.0,Moderate
ext_853,2024-05-02,,False,,False,,27.6,65.2,Partly Cloudy,0.0,Unhealthy
ext_854,2024-05-03,,False,,False,,31.3,70.8,Clear,0.0,Good
ext_855,2024-05-04,,False,,False,,27.1,58.3,Partly Cloudy,0.0,Moderate
ext_856,2024-05-05,,False,,False,,24.0,54.3,Cloudy,0.0,Good
ext_857,2024-05-06,,False,,False,,24.5,54.5,Clear,0.0,Unhealthy
ext_858,2024-05-07,,False,,False,,23.9,74.7,Clear,0.0,Good
ext_859,2024-05-08,,False,,False,,29.2,63.0,Partly Cloudy,0.0,Moderate
ext_860,2024-05-09,,False,,False,,34.5,60.3,Partly Cloudy,0.0,Moderate
ext_861,2024-05-10,,False,,False,,23.8,71.2,Cloudy,0.0,Moderate
ext_862,2024-05-11,,False,,False,,28.9,54.2,Cloudy,0.0,Moderate
ext_863,2024-05-12,,False,,False,,23.9,68.4,Clear,0.0,Moderate
ext_864,2024-05-13,,False,,False,,25.6,56.8,Cloudy,0.0,Moderate
ext_865,2024-05-14,,False,,False,,20.5,67.5,Cloudy,0.0,Unhealthy
ext_866,2024-05-15,,False,,False,,29.9,63.2,Cloudy,0.0,Good
ext_867,2024-05-16,,False,,False,,33.4,58.4,Clear,0.0,Good
ext_868,2024-05-17,,False,,False,,27.0,69.4,Cloudy,0.0,Moderate
ext_869,2024-05-18,,False,,False,,23.9,47.1,Partly Cloudy,15.8,Moderate
ext_870,2024-05-19,,False,,False,,28.6,48.5,Clear,0.0,Unhealthy
ext_871,2024-05-20,,False,,False,,23.9,67.3,Partly Cloudy,2.6,Unhealthy
ext_872,2024-05-21,,False,,False,,21.4,63.1,Clear,0.0,Moderate
ext_873,2024-05-22,,False,,False,,25.3,64.7,Cloudy,0.7,Moderate
ext_874,2024-05-23,,False,,False,,30.3,64.8,Partly Cloudy,0.0,Moderate
ext_875,2024-05-24,,False,,False,,27.8,67.3,Clear,0.0,Unhealthy
ext_876,2024-05-25,,False,,False,,27.2,53.3,Partly Cloudy,0.0,Unhealthy
ext_877,2024-05-26,,False,,False,,26.4,69.0,Clear,0.0,Moderate
ext_878,2024-05-27,,False,,False,,21.7,73.2,Clear,0.0,Moderate
ext_879,2024-05-28,,False,,False,,30.2,63.2,Clear,9.2,Unhealthy
ext_880,2024-05-29,,False,,False,,27.4,71.6,Clear,0.0,Good
ext_881,2024-05-30,,False,,False,,22.1,65.7,Cloudy,0.0,Good
ext_882,2024-05-31,,False,,False,,29.9,72.6,Cloudy,0.0,Unhealthy
ext_883,2024-06-01,,False,,False,,40.6,56.5,Partly Cloudy,0.0,Good
ext_884,2024-06-02,,False,,False,,37.5,58.2,Clear,0.0,Good
ext_885,2024-06-03,,False,,False,,36.0,65.7,Partly Cloudy,0.0,Good
ext_886,2024-06-04,,False,,False,,34.9,46.7,Partly Cloudy,0.0,Moderate
ext_887,2024-06-05,,False,,False,,37.7,60.5,Partly Cloudy,0.0,Moderate
ext_888,2024-06-06,,False,,False,,41.0,61.0,Clear,0.0,Unhealthy
ext_889,2024-06-07,,False,,False,,32.4,52.7,Clear,0.0,Unhealthy
ext_890,2024-06-08,,False,,False,,35.5,58.0,Clear,0.0,Good
ext_891,2024-06-09,,False,,False,,37.0,58.7,Partly Cloudy,0.0,Unhealthy
ext_892,2024-06-10,,False,,False,,38.8,67.1,Clear,0.0,Good
ext_893,2024-06-11,,False,,False,,35.0,54.7,Clear,0.0,Good
ext_894,2024-06-12,,False,,False,,34.5,48.6,Clear,15.5,Good
ext_895,2024-06-13,,False,,False,,37.8,72.6,Partly Cloudy,0.0,Unhealthy
ext_896,2024-06-14,,False,,False,,33.4,61.1,Clear,0.0,Unhealthy
ext_897,2024-06-15,,False,,False,,43.4,56.2,Clear,0.0,Good
ext_898,2024-06-16,,False,,False,,40.2,46.6,Hot,0.0,Moderate
ext_899,2024-06-17,,True,Eid,True,Eid,39.6,69.0,Partly Cloudy,0.0,Good
ext_900,2024-06-18,,False,,False,,41.3,55.9,Partly Cloudy,0.0,Unhealthy
ext_901,2024-06-19,,False,,False,,33.5,57.3,Partly Cloudy,0.0,Moderate
ext_902,2024-06-20,,False,,False,,33.5,50.3,Hot,0.0,Moderate
ext_903,2024-06-21,,False,,False,,37.8,51.2,Hot,0.0,Good
ext_904,2024-06-22,,False,,False,,33.5,60.5,Clear,0.0,Good
ext_905,2024-06-23,,False,,False,,33.4,55.8,Clear,0.0,Unhealthy
ext_906,2024-06-24,,False,,False,,41.8,64.2,Clear,0.0,Good
ext_907,2024-06-25,,False,,False,,39.0,70.6,Partly Cloudy,0.0,Moderate
ext_908,2024-06-26,,False,,False,,43.0,66.0,Clear,0.0,Moderate
ext_909,2024-06-27,,False,,False,,39.8,63.0,Clear,7.6,Unhealthy
ext_910,2024-06-28,,False,,False,,40.5,46.0,Clear,0.0,Unhealthy
ext_911,2024-06-29,,False,,False,,36.2,61.8,Clear,0.0,Good
ext_912,2024-06-30,,False,,False,,33.8,68.2,Clear,0.0,Moderate
ext_913,2024-07-01,,False,,False,,44.3,57.4,Hot,0.0,Moderate
ext_914,2024-07-02,,False,,False,,43.2,49.0,Clear,0.0,Moderate
ext_915,2024-07-03,,False,,False,,34.1,71.4,Partly Cloudy,0.0,Unhealthy
ext_916,2024-07-04,,False,,False,,43.6,52.6,Clear,0.0,Good
ext_917,2024-07-05,,False,,False,,33.0,72.0,Hot,0.0,Unhealthy
ext_918,2024-07-06,,False,,False,,34.0,73.3,Hot,0.0,Good
ext_919,2024-07-07,,False,,False,,32.5,63.5,Partly Cloudy,0.0,Good
ext_920,2024-07-08,,False,,False,,44.1,61.4,Clear,0.0,Good
ext_921,2024-07-09,,False,,False,,36.6,66.6,Clear,0.0,Moderate
ext_922,2024-07-10,,False,,False,,33.2,58.5,Partly Cloudy,0.0,Unhealthy
ext_923,2024-07-11,,False,,False,,39.6,58.2,Partly Cloudy,0.0,Moderate
ext_924,2024-07-12,,False,,False,,41.1,46.2,Hot,0.0,Good
ext_925,2024-07-13,,False,,False,,33.5,46.0,Hot,0.0,Unhealthy
ext_926,2024-07-14,,False,,False,,33.9,62.6,Partly Cloudy,0.0,Moderate
ext_927,2024-07-15,,False,,False,,35.0,59.0,Hot,0.0,Moderate
ext_928,2024-07-16,,False,,False,,38.7,52.2,Hot,0.0,Good
ext_929,2024-07-17,,False,,False,,34.0,74.2,Partly Cloudy,0.0,Unhealthy
ext_930,2024-07-18,,False,,False,,44.0,46.3,Partly Cloudy,0.0,Moderate
ext_931,2024-07-19,,False,,False,,41.5,46.0,Partly Cloudy,0.0,Unhealthy
ext_932,2024-07-20,,False,,False,,33.4,57.6,Hot,0.0,Unhealthy
ext_933,2024-07-21,,False,,False,,36.9,69.3,Hot,0.0,Unhealthy
ext_934,2024-07-22,,False,,False,,38.3,59.8,Partly Cloudy,0.0,Moderate
ext_935,2024-07-23,,False,,False,,37.2,52.2,Hot,0.0,Unhealthy
ext_936,2024-07-24,,False,,False,,39.7,62.0,Hot,0.0,Good
ext_937,2024-07-25,,False,,False,,36.4,73.4,Partly Cloudy,0.0,Unhealthy
ext_938,2024-07-26,,False,,False,,36.0,71.4,Partly Cloudy,0.0,Good
ext_939,2024-07-27,,False,,False,,33.6,66.9,Clear,0.0,Good
ext_940,2024-07-28,,False,,False,,35.0,51.3,Partly Cloudy,0.0,Moderate
ext_941,2024-07-29,,False,,False,,31.7,52.9,Hot,0.0,Unhealthy
ext_942,2024-07-30,,False,,False,,37.3,55.6,Hot,0.0,Good
ext_943,2024-07-31,,False,,False,,35.8,74.1,Partly Cloudy,13.9,Moderate
ext_944,2024-08-01,,False,,False,,33.6,55.2,Clear,0.0,Unhealthy
ext_945,2024-08-02,,False,,False,,38.4,64.1,Hot,0.0,Moderate
ext_946,2024-08-03,,False,,False,,34.8,65.8,Partly Cloudy,0.0,Moderate
ext_947,2024-08-04,,False,,False,,42.8,57.5,Clear,0.0,Unhealthy
ext_948,2024-08-05,,False,,False,,35.5,45.4,Partly Cloudy,0.0,Good
ext_949,2024-08-06,,False,,False,,34.7,46.8,Hot,0.0,Good
ext_950,2024-08-07,,False,,False,,39.5,56.1,Hot,0.0,Unhealthy
ext_951,2024-08-08,,False,,False,,43.4,56.2,Hot,0.0,Good
ext_952,2024-08-09,,False,,False,,39.1,64.4,Hot,0.0,Moderate
ext_953,2024-08-10,,False,,False,,38.4,67.1,Partly Cloudy,7.0,Good
ext_954,2024-08-11,,False,,False,,37.1,67.9,Hot,12.8,Unhealthy
ext_955,2024-08-12,,False,,False,,42.6,50.3,Clear,0.0,Unhealthy
ext_956,2024-08-13,,False,,False,,37.3,74.3,Hot,2.7,Unhealthy
ext_957,2024-08-14,,True,,False,,35.4,52.8,Clear,0.0,Moderate
ext_958,2024-08-15,,False,,False,,35.1,45.5,Partly Cloudy,0.0,Unhealthy
ext_959,2024-08-16,,False,,False,,38.8,57.5,Partly Cloudy,12.2,Good
ext_960,2024-08-17,,False,,False,,34.4,56.8,Hot,0.0,Moderate
ext_961,2024-08-18,,False,,False,,36.9,59.9,Clear,0.0,Good
ext_962,2024-08-19,,False,,False,,33.7,54.8,Partly Cloudy,0.0,Unhealthy
ext_963,2024-08-20,,False,,False,,32.4,46.5,Partly Cloudy,0.0,Unhealthy
ext_964,2024-08-21,,False,,False,,38.8,64.1,Clear,0.0,Moderate
ext_965,2024-08-22,,False,,False,,34.4,64.8,Partly Cloudy,0.0,Unhealthy
ext_966,2024-08-23,,False,,False,,35.3,59.2,Clear,0.0,Moderate
ext_967,2024-08-24,,False,,False,,42.6,51.1,Clear,0.0,Moderate
ext_968,2024-08-25,,False,,False,,40.1,66.6,Clear,0.0,Moderate
ext_969,2024-08-26,,False,,False,,33.1,66.7,Hot,0.0,Good
ext_970,2024-08-27,,False,,False,,41.5,58.9,Hot,0.0,Good
ext_971,2024-08-28,,False,,False,,35.3,61.5,Clear,7.5,Moderate
ext_972,2024-08-29,,False,,False,,39.4,71.1,Partly Cloudy,0.0,Unhealthy
ext_973,2024-08-30,,False,,False,,41.1,71.8,Hot,0.0,Good
ext_974,2024-08-31,,False,,False,,44.3,58.9,Partly Cloudy,0.0,Unhealthy
ext_975,2024-09-01,,False,,False,,25.9,55.1,Partly Cloudy,0.0,Unhealthy
ext_976,2024-09-02,,False,,False,,28.3,74.2,Cloudy,12.0,Moderate
ext_977,2024-09-03,,False,,False,,31.4,63.7,Clear,0.0,Good
ext_978,2024-09-04,,False,,False,,34.2,67.2,Cloudy,0.0,Moderate
ext_979,2024-09-05,,False,,False,,31.4,50.1,Cloudy,0.0,Unhealthy
ext_980,2024-09-06,,False,,False,,21.2,65.8,Cloudy,0.0,Good
ext_981,2024-09-07,,False,,False,,31.5,57.6,Partly Cloudy,0.0,Moderate
ext_982,2024-09-08,,False,,False,,24.1,63.1,Clear,0.0,Good
ext_983,2024-09-09,,False,,False,,31.0,51.9,Partly Cloudy,0.0,Unhealthy
ext_984,2024-09-10,,False,,False,,33.7,70.0,Partly Cloudy,0.0,Good
ext_985,2024-09-11,,False,,False,,21.7,55.7,Clear,8.8,Good
ext_986,2024-09-12,,False,,False,,28.0,64.0,Clear,0.0,Moderate
ext_987,2024-09-13,,False,,False,,23.2,54.0,Cloudy,0.0,Moderate
ext_988,2024-09-14,,False,,False,,32.0,48.4,Clear,0.0,Unhealthy
ext_989,2024-09-15,,False,,False,,26.7,53.0,Clear,7.3,Good
ext_990,2024-09-16,,False,,False,,23.5,46.5,Clear,0.0,Unhealthy
ext_991,2024-09-17,,False,,False,,28.2,45.0,Partly Cloudy,0.0,Unhealthy
ext_992,2024-09-18,,False,,False,,22.0,74.0,Cloudy,0.0,Good
ext_993,2024-09-19,,False,,False,,26.5,52.2,Cloudy,0.0,Moderate
ext_994,2024-09-20,,False,,False,,34.2,65.3,Cloudy,0.0,Unhealthy
ext_995,2024-09-21,,False,,False,,23.9,57.1,Cloudy,0.0,Moderate
ext_996,2024-09-22,,False,,False,,29.8,52.8,Cloudy,0.0,Moderate
ext_997,2024-09-23,,False,,False,,36.0,57.7,Partly Cloudy,0.0,Unhealthy
ext_998,2024-09-24,,False,,False,,27.0,45.7,Clear,0.0,Good
ext_999,2024-09-25,,False,,False,,29.7,57.3,Partly Cloudy,0.0,Good
ext_1000,2024-09-26,,False,,False,,25.6,67.0,Cloudy,0.0,Good
ext_1001,2024-09-27,,False,,False,,24.9,68.6,Partly Cloudy,0.0,Good
ext_1002,2024-09-28,,False,,False,,25.1,47.7,Clear,0.0,Unhealthy
ext_1003,2024-09-29,,False,,False,,22.5,73.1,Partly Cloudy,0.0,Unhealthy
ext_1004,2024-09-30,,False,,False,,23.6,51.2,Cloudy,0.0,Unhealthy
ext_1005,2024-10-01,,False,,False,,23.2,53.8,Cloudy,6.7,Good
ext_1006,2024-10-02,,False,,False,,24.7,62.9,Partly Cloudy,0.0,Good
ext_1007,2024-10-03,,False,,False,,25.8,68.8,Partly Cloudy,0.0,Good
ext_1008,2024-10-04,,False,,False,,30.9,67.7,Cloudy,0.0,Unhealthy
ext_1009,2024-10-05,,False,,False,,28.9,45.4,Clear,0.0,Unhealthy
ext_1010,2024-10-06,,False,,False,,32.9,71.1,Cloudy,0.0,Moderate
ext_1011,2024-10-07,,False,,False,,29.8,70.0,Partly Cloudy,0.0,Unhealthy
ext_1012,2024-10-08,,False,,False,,32.2,66.8,Cloudy,0.0,Good
ext_1013,2024-10-09,,False,,False,,26.8,73.9,Clear,0.0,Moderate
ext_1014,2024-10-10,,False,,False,,34.6,55.3,Partly Cloudy,0.0,Unhealthy
ext_1015,2024-10-11,,False,,False,,24.4,60.8,Cloudy,0.0,Good
ext_1016,2024-10-12,,False,,False,,35.7,58.0,Clear,0.0,Moderate
ext_1017,2024-10-13,,False,,False,,32.8,63.4,Cloudy,0.0,Moderate
ext_1018,2024-10-14,,False,,False,,35.6,74.6,Partly Cloudy,0.0,Moderate
ext_1019,2024-10-15,,False,,False,,27.4,48.0,Clear,0.0,Unhealthy
ext_1020,2024-10-16,,False,,False,,29.2,59.6,Partly Cloudy,0.0,Good
ext_1021,2024-10-17,,False,,False,,31.0,65.3,Cloudy,0.0,Moderate
ext_1022,2024-10-18,,False,,False,,29.2,61.7,Partly Cloudy,0.0,Unhealthy
ext_1023,2024-10-19,,False,,False,,21.7,68.4,Partly Cloudy,0.0,Unhealthy
ext_1024,2024-10-20,,False,,False,,23.6,56.2,Cloudy,0.0,Moderate
ext_1025,2024-10-21,,False,,False,,23.3,66.1,Clear,0.0,Good
ext_1026,2024-10-22,,False,,False,,23.1,52.4,Clear,0.0,Moderate
ext_1027,2024-10-23,,False,,False,,22.5,58.0,Clear,0.0,Moderate
ext_1028,2024-10-24,,False,,False,,34.4,72.1,Clear,0.0,Moderate
ext_1029,2024-10-25,,False,,False,,35.4,74.3,Partly Cloudy,0.0,Unhealthy
ext_1030,2024-10-26,,False,,False,,25.6,71.6,Cloudy,0.0,Unhealthy
ext_1031,2024-10-27,,False,,False,,30.4,60.0,Cloudy,0.0,Unhealthy
ext_1032,2024-10-28,,False,,False,,29.4,66.7,Clear,0.0,Unhealthy
ext_1033,2024-10-29,,False,,False,,31.7,64.0,Partly Cloudy,0.0,Unhealthy
ext_1034,2024-10-30,,False,,False,,26.9,48.9,Cloudy,0.0,Unhealthy
ext_1035,2024-10-31,,False,,False,,33.5,61.4,Clear,0.0,Good
ext_1036,2024-11-01,,False,,False,,32.2,57.7,Cloudy,0.0,Good
ext_1037,2024-11-02,,False,,False,,25.7,74.2,Clear,0.0,Unhealthy
ext_1038,2024-11-03,,False,,False,,31.4,52.5,Partly Cloudy,0.0,Unhealthy
ext_1039,2024-11-04,,False,,False,,25.9,54.4,Cloudy,0.0,Unhealthy
ext_1040,2024-11-05,,False,,False,,28.8,64.4,Partly Cloudy,0.0,Moderate
ext_1041,2024-11-06,,False,,False,,24.5,55.7,Partly Cloudy,0.0,Good
ext_1042,2024-11-07,,False,,False,,28.7,66.2,Cloudy,0.0,Moderate
ext_1043,2024-11-08,,False,,False,,28.8,74.7,Partly Cloudy,0.0,Good
ext_1044,2024-11-09,,False,,False,,27.3,71.4,Cloudy,0.0,Unhealthy
ext_1045,2024-11-10,,False,,False,,23.3,45.4,Cloudy,0.0,Moderate
ext_1046,2024-11-11,,False,,False,,31.2,45.8,Clear,0.0,Good
ext_1047,2024-11-12,,False,,False,,34.2,55.8,Cloudy,0.0,Moderate
ext_1048,2024-11-13,,False,,False,,31.0,59.8,Partly Cloudy,0.0,Unhealthy
ext_1049,2024-11-14,,False,,False,,35.1,69.5,Clear,0.0,Good
ext_1050,2024-11-15,,False,,False,,34.0,69.0,Clear,0.0,Unhealthy
ext_1051,2024-11-16,,False,,False,,21.9,62.3,Partly Cloudy,0.0,Moderate
ext_1052,2024-11-17,,False,,False,,32.5,51.4,Partly Cloudy,0.0,Unhealthy
ext_1053,2024-11-18,,False,,False,,23.9,72.0,Clear,0.0,Moderate
ext_1054,2024-11-19,,False,,False,,25.2,58.3,Clear,0.0,Unhealthy
ext_1055,2024-11-20,,False,,False,,21.9,60.7,Clear,0.0,Unhealthy
ext_1056,2024-11-21,,False,,False,,23.4,67.0,Cloudy,0.0,Moderate
ext_1057,2024-11-22,,False,,False,,33.7,61.0,Cloudy,0.0,Unhealthy
ext_1058,2024-11-23,,False,,False,,29.3,51.0,Cloudy,0.0,Moderate
ext_1059,2024-11-24,,False,,False,,34.8,59.9,Cloudy,0.0,Unhealthy
ext_1060,2024-11-25,,False,,False,,30.9,51.0,Clear,0.0,Moderate
ext_1061,2024-11-26,,False,,False,,24.3,66.0,Clear,0.0,Unhealthy
ext_1062,2024-11-27,,False,,False,,26.4,71.6,Partly Cloudy,0.0,Unhealthy
ext_1063,2024-11-28,,False,,False,,23.3,66.6,Clear,0.0,Good
ext_1064,2024-11-29,,False,,False,,33.5,63.0,Partly Cloudy,0.0,Unhealthy
ext_1065,2024-11-30,,False,,False,,26.2,63.1,Partly Cloudy,0.0,Moderate
ext_1066,2024-12-01,,False,,False,,18.5,51.6,Cloudy,0.0,Moderate
ext_1067,2024-12-02,,False,,False,,14.6,57.9,Fog,0.0,Moderate
ext_1068,2024-12-03,,False,,False,,11.9,68.2,Cloudy,0.0,Good
ext_1069,2024-12-04,,False,,False,,13.0,46.1,Clear,0.0,Good
ext_1070,2024-12-05,,False,,False,,15.3,62.7,Clear,0.0,Moderate
ext_1071,2024-12-06,,False,,False,,19.3,57.5,Clear,0.0,Unhealthy
ext_1072,2024-12-07,,False,,False,,15.0,61.0,Fog,0.0,Moderate
ext_1073,2024-12-08,,False,,False,,12.5,71.4,Cloudy,0.0,Moderate
ext_1074,2024-12-09,,False,,False,,15.0,57.7,Clear,0.0,Unhealthy
ext_1075,2024-12-10,,False,,False,,21.6,53.5,Cloudy,0.0,Moderate
ext_1076,2024-12-11,,False,,False,,18.9,74.0,Cloudy,0.0,Unhealthy
ext_1077,2024-12-12,,False,,False,,23.4,69.1,Fog,0.0,Unhealthy
ext_1078,2024-12-13,,False,,False,,15.2,62.3,Cloudy,0.0,Moderate
ext_1079,2024-12-14,,False,,False,,20.4,69.3,Cloudy,3.9,Good
ext_1080,2024-12-15,,False,,False,,10.9,60.8,Fog,0.0,Unhealthy
ext_1081,2024-12-16,,False,,False,,16.9,70.2,Cloudy,0.0,Good
ext_1082,2024-12-17,,False,,False,,19.2,68.7,Cloudy,0.0,Moderate
ext_1083,2024-12-18,,False,,False,,21.0,61.5,Fog,0.0,Good
ext_1084,2024-12-19,,False,,False,,15.4,58.8,Cloudy,0.0,Good
ext_1085,2024-12-20,,False,,False,,14.9,46.5,Cloudy,0.0,Good
ext_1086,2024-12-21,,False,,False,,16.8,58.2,Clear,0.0,Unhealthy
ext_1087,2024-12-22,,False,,False,,21.8,72.6,Fog,0.0,Good
ext_1088,2024-12-23,,False,,False,,20.0,69.0,Clear,0.0,Good
ext_1089,2024-12-24,,False,,False,,16.0,66.8,Fog,0.0,Moderate
ext_1090,2024-12-25,,True,,False,,20.0,64.1,Fog,0.0,Good
ext_1091,2024-12-26,,False,,False,,21.3,47.1,Cloudy,0.0,Good
ext_1092,2024-12-27,,False,,False,,17.7,60.2,Fog,0.0,Good
ext_1093,2024-12-28,,False,,False,,20.6,74.4,Fog,0.0,Good
ext_1094,2024-12-29,,False,,False,,11.9,66.7,Cloudy,0.0,Moderate
ext_1095,2024-12-30,,False,,False,,14.1,71.3,Cloudy,0.0,Unhealthy
ext_1096,2024-12-31,,False,,False,,19.8,55.8,Fog,0.0,Good
